-- phpMyAdmin SQL Dump
-- version 4.7.5
-- https://www.phpmyadmin.net/
--
-- Host: localhost
-- Generation Time: Nov 01, 2017 at 04:55 PM
-- Server version: 10.1.25-MariaDB
-- PHP Version: 5.6.31

SET SQL_MODE = "NO_AUTO_VALUE_ON_ZERO";
SET AUTOCOMMIT = 0;
START TRANSACTION;
SET time_zone = "+00:00";


/*!40101 SET @OLD_CHARACTER_SET_CLIENT=@@CHARACTER_SET_CLIENT */;
/*!40101 SET @OLD_CHARACTER_SET_RESULTS=@@CHARACTER_SET_RESULTS */;
/*!40101 SET @OLD_COLLATION_CONNECTION=@@COLLATION_CONNECTION */;
/*!40101 SET NAMES utf8mb4 */;

--
-- Database: `tintuc`
--

-- --------------------------------------------------------

--
-- Table structure for table `bandocykien`
--

CREATE TABLE `bandocykien` (
  `idYKien` int(11) NOT NULL,
  `idTin` int(11) NOT NULL DEFAULT '0',
  `Ngay` datetime NOT NULL DEFAULT '0000-00-00 00:00:00',
  `NoiDung` text NOT NULL,
  `idUser` int(11) NOT NULL
) ENGINE=MyISAM DEFAULT CHARSET=utf8;

--
-- Dumping data for table `bandocykien`
--

INSERT INTO `bandocykien` (`idYKien`, `idTin`, `Ngay`, `NoiDung`, `idUser`) VALUES
(1, 1, '2017-10-13 08:42:50', 'iphone X mới ra mà ế vãi', 1),
(2, 37, '2017-10-15 01:47:14', 'Goole quá zữ :D', 1),
(3, 37, '2017-10-15 01:48:01', 'Điện thoại xấu quá', 3),
(4, 37, '2017-10-15 02:02:50', 'Đẹp mà bác', 1),
(5, 38, '2017-10-29 01:08:26', 'Pin trâu quá xem phim cả ngày chắc được :D', 1);

-- --------------------------------------------------------

--
-- Table structure for table `binhchon`
--

CREATE TABLE `binhchon` (
  `idBC` int(11) NOT NULL,
  `MoTa` varchar(255) NOT NULL DEFAULT '',
  `AnHien` tinyint(1) DEFAULT '1'
) ENGINE=MyISAM DEFAULT CHARSET=utf8;

--
-- Dumping data for table `binhchon`
--

INSERT INTO `binhchon` (`idBC`, `MoTa`, `AnHien`) VALUES
(1, 'Bạn thấy website này thế nào', 1);

-- --------------------------------------------------------

--
-- Table structure for table `loaitin`
--

CREATE TABLE `loaitin` (
  `idLT` int(11) NOT NULL,
  `Ten` varchar(100) NOT NULL DEFAULT '',
  `Ten_KhongDau` varchar(100) DEFAULT NULL,
  `ThuTu` tinyint(11) NOT NULL DEFAULT '0',
  `AnHien` tinyint(1) NOT NULL DEFAULT '1',
  `idTL` int(11) NOT NULL DEFAULT '1'
) ENGINE=MyISAM DEFAULT CHARSET=utf8;

--
-- Dumping data for table `loaitin`
--

INSERT INTO `loaitin` (`idLT`, `Ten`, `Ten_KhongDau`, `ThuTu`, `AnHien`, `idTL`) VALUES
(1, 'Điện Thoại', 'dien-thoai', 1, 1, 1),
(2, 'Laptop', 'laptop', 2, 1, 1),
(3, 'Bóng Đá', 'bong-da', 1, 1, 2),
(4, 'Sao Việt', 'sao-viet', 1, 1, 3),
(5, 'Sao Châu Á', 'sao-chau-a', 2, 1, 3),
(6, 'Sức Khỏe', 'suc-khoe', 1, 1, 4),
(7, 'Làm Đẹp', 'lam-dep', 2, 1, 4);

-- --------------------------------------------------------

--
-- Table structure for table `phuongan`
--

CREATE TABLE `phuongan` (
  `idPA` int(11) NOT NULL,
  `MoTa` varchar(255) NOT NULL DEFAULT '',
  `SoLanChon` int(11) DEFAULT '0',
  `ThuTu` int(11) DEFAULT '0',
  `idBC` int(11) NOT NULL DEFAULT '0'
) ENGINE=MyISAM DEFAULT CHARSET=utf8;

--
-- Dumping data for table `phuongan`
--

INSERT INTO `phuongan` (`idPA`, `MoTa`, `SoLanChon`, `ThuTu`, `idBC`) VALUES
(1, 'Rất đẹp', 30, 1, 1),
(2, 'Đẹp', 4, 2, 1),
(3, 'Xấu', 13, 3, 1);

-- --------------------------------------------------------

--
-- Table structure for table `theloai`
--

CREATE TABLE `theloai` (
  `idTL` int(11) NOT NULL,
  `TenTL` varchar(255) NOT NULL DEFAULT '',
  `TenTL_KhongDau` varchar(100) DEFAULT NULL,
  `ThuTu` int(11) DEFAULT '0',
  `AnHien` tinyint(1) DEFAULT '1'
) ENGINE=MyISAM DEFAULT CHARSET=utf8;

--
-- Dumping data for table `theloai`
--

INSERT INTO `theloai` (`idTL`, `TenTL`, `TenTL_KhongDau`, `ThuTu`, `AnHien`) VALUES
(1, 'Công Nghệ', 'cong-nghe', 1, 1),
(2, 'Thể Thao', 'the-thao', 2, 1),
(3, 'Giải Trí', 'giai-tri', 3, 1),
(4, 'Đời Sống', 'doi-song', 4, 1);

-- --------------------------------------------------------

--
-- Table structure for table `tin`
--

CREATE TABLE `tin` (
  `idTin` int(11) NOT NULL,
  `TieuDe` varchar(255) NOT NULL DEFAULT '',
  `TieuDe_KhongDau` varchar(255) DEFAULT NULL,
  `TomTat` varchar(1000) DEFAULT NULL,
  `urlHinh` varchar(255) DEFAULT NULL,
  `Ngay` datetime DEFAULT '0000-00-00 00:00:00',
  `idUser` int(11) NOT NULL DEFAULT '0',
  `Content` text,
  `idLT` int(11) NOT NULL DEFAULT '0',
  `SoLanXem` int(11) DEFAULT '0',
  `TinNoiBat` tinyint(1) DEFAULT '0',
  `AnHien` tinyint(1) DEFAULT '1'
) ENGINE=MyISAM DEFAULT CHARSET=utf8;

--
-- Dumping data for table `tin`
--

INSERT INTO `tin` (`idTin`, `TieuDe`, `TieuDe_KhongDau`, `TomTat`, `urlHinh`, `Ngay`, `idUser`, `Content`, `idLT`, `SoLanXem`, `TinNoiBat`, `AnHien`) VALUES
(1, '11 lý do nên mua iPhone 6S thay vì iPhone 8 và iPhone X', '11-ly-do-nen-mua-iphone-6s-thay-vi-iphone-8-va-iphone-x', 'Giá thành rẻ hơn, có giắc cắm tai nghe, nhiều màu sắc đẹp... là những lý do người dùng nên chọn mua iPhone 6S thay vì iPhone 8 và iPhone X. ', 'img/upload/11_ly_do_iphone_6s.jpg', '2017-10-13 08:32:48', 1, '<p><strong>Gi&aacute; rẻ hơn</strong>: Gi&aacute; của 3 chiếc iPhone mới ra dao động từ 700 đến 1.000 USD. Trong khi đ&oacute;, gi&aacute; của iPhone 6S v&agrave; iPhone 6S Plus tương ứng l&agrave; 450 v&agrave; 550 USD, thậm ch&iacute; c&ograve;n c&oacute; thể rẻ hơn nếu l&agrave; điện thoại cũ được t&acirc;n trang lại tại Apple.</p>\r\n\r\n<p><strong>Nhiều m&agrave;u sắc hơn</strong>: iPhone 8 c&oacute; m&agrave;u bạc, v&agrave;ng v&agrave; x&aacute;m. iPhone X chỉ c&oacute; m&agrave;u bạc v&agrave; x&aacute;m. Trong khi đ&oacute;, iPhone 6S c&oacute; m&agrave;u bạc, x&aacute;m, v&agrave;ng v&agrave; hồng &aacute;nh v&agrave;ng.</p>\r\n\r\n<p><strong>Thiết kế gần giống iPhone 8</strong>: So s&aacute;nh giữa 3 phi&ecirc;n bản th&igrave; r&otilde; r&agrave;ng iPhone X c&oacute; thiết kế độc đ&aacute;o, mới lạ nhất. Tuy vậy, thiết kế của iPhone 6S vẫn rất đẹp v&agrave; kh&aacute; giống với iPhone 8. Cả hai phi&ecirc;n bản c&oacute; c&ugrave;ng h&igrave;nh dạng v&agrave; k&iacute;ch cỡ khung viền. M&agrave;n h&igrave;nh cũng c&ugrave;ng k&iacute;ch cỡ v&agrave; độ ph&acirc;n giải.</p>\r\n\r\n<p><strong>Phần lưng l&agrave;m bằng kim loại</strong>: Phần lưng của iPhone 8 v&agrave; iPhone X l&agrave;m bằng k&iacute;nh cho mục đ&iacute;ch sạc kh&ocirc;ng d&acirc;y. Do đ&oacute;, ch&uacute;ng kh&aacute; dễ vỡ. Ốp lưng của iPhone 6S l&agrave;m bằng nh&ocirc;m n&ecirc;n bền hơn.</p>\r\n\r\n<p><strong>Tốc độ sạc pin nhanh như iPhone 8 v&agrave; iPhone X</strong>: Cả 3 mẫu iPhone mới c&oacute; chung bộ sạc với iPhone 6S, c&oacute; nghĩa ch&uacute;ng c&oacute; tốc độ như nhau. Apple hỗ trợ t&iacute;nh năng sạc nhanh cho iPhone 8 v&agrave; iPhone X nhưng y&ecirc;u cầu người d&ugrave;ng phải mua th&ecirc;m một phụ kiện. Người d&ugrave;ng phải mua bộ sạc kh&ocirc;ng d&acirc;y ri&ecirc;ng nếu muốn sử dụng t&iacute;nh năng n&agrave;y.</p>\r\n\r\n<p><strong>Hoạt động tốt</strong>: Bộ xử l&yacute; A9 d&ugrave;ng trong iPhone 6S c&oacute; hiệu suất cao. Ngay cả khi cập nhật l&ecirc;n iOS 11, tốc độ vẫn rất nhanh, chỉ c&oacute; điểm trừ l&agrave; ứng dụng mở hơi chậm. B&ecirc;n cạnh đ&oacute;, iPhone 6S sở hữu cảm biến Touch ID cực nhạy, gi&uacute;p mở kh&oacute;a nhanh ch&oacute;ng v&agrave; dễ d&agrave;ng.</p>\r\n\r\n<p><strong>Camera sau chụp h&igrave;nh đẹp</strong>: Camera của iPhone 8 Plus được trang bị th&ecirc;m rất nhiều t&iacute;nh năng để cho ra một bức ảnh ho&agrave;n hảo. D&ugrave; kh&ocirc;ng được đ&aacute;nh gi&aacute; cao bằng, camera của iPhone 6S Plus vẫn c&oacute; thể cho ra nhiều tấm ảnh đẹp. Nếu kh&ocirc;ng y&ecirc;u cầu qu&aacute; cao về h&igrave;nh ảnh th&igrave; iPhone 6S l&agrave; lựa chọn th&iacute;ch hợp.</p>\r\n\r\n<p><strong>C&oacute; giắc cắm tai nghe</strong>: iPhone 7, iPhone 8 v&agrave; iPhone X kh&ocirc;ng c&oacute; giắc cắm tai nghe. Nếu vẫn chuộng việc sử dụng tai nghe c&oacute; d&acirc;y th&igrave; iPhone 6S hoặc iPhone SE l&agrave; lựa chọn tốt nhất cho người d&ugrave;ng.</p>\r\n\r\n<p><strong>M&agrave;n h&igrave;nh đẹp</strong>: Apple đ&atilde; bổ sung nhiều t&iacute;nh năng điều chỉnh m&agrave;n h&igrave;nh mới cho iPhone 8 v&agrave; iPhone X. Tuy kh&ocirc;ng c&oacute; những t&iacute;nh năng n&agrave;y, m&agrave;n h&igrave;nh của iPhone 6S c&oacute; c&ugrave;ng độ ph&acirc;n giải với iPhone 8. Khả năng điều chỉnh m&agrave;u sắc m&agrave;n h&igrave;nh khi mở c&aacute;c tr&igrave;nh duyệt, ứng dụng, game, xem video v&agrave; ảnh của iPhone 6S cũng rất tốt.</p>\r\n\r\n<p><strong>C&oacute; thể cập nhật l&ecirc;n c&aacute;c phi&ecirc;n bản iOS mới</strong>: iPhone 6S nằm trong danh s&aacute;ch c&aacute;c điện thoại được cập nhật l&ecirc;n hệ điều h&agrave;nh mới. Tất nhi&ecirc;n sẽ thiếu v&agrave;i t&iacute;nh năng chỉ c&oacute; ở iPhone 8 hay iPhone X, nhưng về tổng quan th&igrave; trải nghiệm của người d&ugrave;ng sẽ giống nhau.</p>\r\n\r\n<p><strong>Thực tế ảo tr&ecirc;n phi&ecirc;n bản iPhone mới</strong>: C&ocirc;ng dụng của t&iacute;nh năng n&agrave;y chỉ xoay quanh đến trang tr&iacute; nh&agrave; cửa, du lịch c&aacute;c th&agrave;nh phố mới, đi bộ với khủng long. Với số lượng c&ocirc;ng dụng c&ograve;n kh&aacute; hạn chế n&agrave;y th&igrave; người d&ugrave;ng n&ecirc;n c&acirc;n nhắc khoản tiền bỏ ra để mua iPhone mới.</p>\r\n', 1, 13, 1, 1),
(2, 'So sánh tốc độ sạc nhanh thực tế của iPhone 8 Plus với iPhone 7 Plus', 'so-sanh-toc-do-sac-nhanh-thuc-te-cua-iphone-8-plus-voi-iphone-7-plus', 'Những thử nghiệm trên đã chứng minh rằng iPhone 8 và iPhone 8 Plus được trang bị công nghệ sạc nhanh, trên thực tế có tốc độ sạc pin nhanh hơn những mẫu iPhone trước đây', 'img/upload/so-sanh-toc-do-sac-nhanh-thuc-te-cua-iphone-8-plus-voi-iphone-7-plus.jpg', '2017-10-13 08:45:37', 1, '<p>Apple cho biết iPhone 8 v&agrave; iPhone 8 Plus đều c&oacute; khả năng sạc nhanh từ 0% đến 50% pin trong khoảng 30 ph&uacute;t. Tuy nhi&ecirc;n bạn sẽ phải mua th&ecirc;m bộ c&aacute;p sạc đặc biệt m&agrave; kh&ocirc;ng được b&aacute;n k&egrave;m m&aacute;y.</p>\r\n\r\n<p>Tuy nhi&ecirc;n trước đ&acirc;y, những người sử dụng iPhone l&acirc;u năm đều biết một mẹo nhỏ. Đ&oacute; l&agrave; d&ugrave;ng c&aacute;c loại củ sạc c&oacute; c&ocirc;ng suất cao hơn, v&iacute; dụ như sạc của iPad, c&oacute; thể tăng tốc độ sạc tr&ecirc;n những chiếc iPhone Plus m&agrave; kh&ocirc;ng ảnh hưởng đến chất lượng pin.</p>\r\n\r\n<p>Vậy tr&ecirc;n thực tế, iPhone 8 Plus với sạc nhanh c&oacute; thực sự nhanh hơn mẹo sạc pin kể tr&ecirc;n hay kh&ocirc;ng? Ch&uacute;ng ta h&atilde;y c&ugrave;ng xem những thử nghiệm thực tế để c&oacute; được c&acirc;u trả lời. Thử nghiệm được tiến h&agrave;nh với một chiếc iPhone 7 Plus v&agrave; một chiếc iPhone 8 Plus, sạc c&ugrave;ng với củ sạc 29-watt của Apple v&agrave; c&aacute;p USB-C Lightning.</p>\r\n\r\n<p>Cả hai chiếc iPhone n&agrave;y đều mới chỉ sử dụng được một tuần, đồng nghĩa với chất lượng pin vẫn c&ograve;n rất tốt. Trong thử nghiệm, cả hai chiếc iPhone được đặt ở c&ugrave;ng điều kiện như nhau, đ&oacute; l&agrave; 0% pin, độ s&aacute;ng m&agrave;n h&igrave;nh 50% v&agrave; thiết lập chế độ Airplane.</p>\r\n\r\n<p>Kết quả, iPhone 8 Plus sạc được 27% pin sau 15 ph&uacute;t v&agrave; 54% pin sau 30 ph&uacute;t. Trong khi đ&oacute;, chiếc iPhone 7 Plus sạc được 15% pin sau 15 ph&uacute;t v&agrave; 29% pin sau 30 ph&uacute;t. N&oacute; cho thấy iPhone 8 Plus thực sự c&oacute; tốc độ sạc pin nhanh hơn so với người tiền nhiệm của m&igrave;nh, khoảng 86% hiệu năng.</p>\r\n\r\n<p>Tiếp tục với thử nghiệm sạc đầy 100% pin. iPhone 8 Plus mất khoảng 1 giờ 50 ph&uacute;t, trong khi iPhone 7 Plus l&agrave; 2 giờ 32 ph&uacute;t. Vậy l&agrave; iPhone 8 Plus vẫn nhanh hơn kh&aacute; nhiều so với người tiền nhiệm.</p>\r\n\r\n<p>Cuối c&ugrave;ng, ch&uacute;ng ta c&oacute; thử nghiệm so s&aacute;nh tốc độ sạc giữa iPhone 8 Plus, Samsung Galaxy Note 8, OnePlus 5 v&agrave; HTC U11. Kết quả l&agrave; OnePlus 5 đứng vị tr&iacute; số 1 với c&ocirc;ng nghệ sạc Dash Charger độc quyền. HTC U11 về thứ 2 v&agrave; sau đ&oacute; đến iPhone 8 Plus, cuối c&ugrave;ng l&agrave; Galaxy Note 8.</p>\r\n\r\n<p>Những thử nghiệm tr&ecirc;n đ&atilde; chứng minh rằng iPhone 8 v&agrave; iPhone 8 Plus được trang bị c&ocirc;ng nghệ sạc nhanh, tr&ecirc;n thực tế c&oacute; tốc độ sạc pin nhanh hơn những mẫu iPhone trước đ&acirc;y. iPhone X cũng được trang bị sạc nhanh, nhưng bạn sẽ phải đợi tới th&aacute;ng 11 mới c&oacute; thể mua chiếc iPhone đặc biệt n&agrave;y.</p>\r\n', 1, 3, 1, 1),
(3, 'Tâm sự của một iFan: “Apple đã tuyên án chung thân tôi, phải ở cả đời trong nhà tù iOS”', 'tam-su-cua-mot-ifan-apple-da-tuyen-an-chung-than-toi-phai-o-ca-doi-trong-nha-tu-ios', 'Đó chính là ý kiến của Damon Beres đến từ trang Mashable. Vốn đã trở thành một iFan kể từ khi dùng iPhone 7, trong một bài viết mới đây, anh đã bộc bạch rằng dường như mình đang bị Apple “giam cầm”.', 'img/upload/tam-su-cua-mot-ifan-apple-da-tuyen-an-chung-than-toi-phai-o-ca-doi-trong-nha-tu-ios.jpg', '2017-10-13 08:52:46', 1, '<p>Cụ thể, Damon Beres tỏ ra rất y&ecirc;u th&iacute;ch đối với Apple v&agrave; iOS, thế nhưng cũng cảm nhận được rằng m&igrave;nh đang qu&aacute; bị r&agrave;ng buộc với Apple m&agrave; kh&ocirc;ng thể quay trở lại d&ugrave;ng Android được. Vậy đ&acirc;u l&agrave; l&yacute; do khiến Beres lại c&oacute; quan điểm kỳ lạ đến như vậy? Ch&uacute;ng ta h&atilde;y c&ugrave;ng nghe những lời t&acirc;m sự ch&acirc;n th&agrave;nh của anh dưới đ&acirc;y để hiểu r&otilde; hơn về vấn đề n&agrave;y.</p>\r\n\r\n<p>Chiếc iPhone m&agrave; t&ocirc;i sở hữu dường như đ&atilde; chiếm một vị tr&iacute; chễm chệ trong t&acirc;m tr&iacute; của t&ocirc;i rồi! Thực sự t&ocirc;i kh&ocirc;ng muốn thừa nhận điều đ&oacute;, nhưng đối với t&ocirc;i Tim Cook l&agrave; Ch&uacute;a, v&agrave; thật sự c&aacute;i thiết-bị-điện-tử n&agrave;y kết nối với t&acirc;m tr&iacute; của t&ocirc;i c&ograve;n nhiều hơn bất kỳ thứ g&igrave; kh&aacute;c tr&ecirc;n Tr&aacute;i Đất n&agrave;y.</p>\r\n\r\n<p>Nếu từ trước đến nay bạn chưa bao giờ thử &ldquo;chia tay&rdquo; với một chiếc iPhone th&igrave; t&ocirc;i xin n&oacute;i rằng việc n&agrave;y kh&ocirc;ng hề dễ đ&acirc;u! Sau một năm d&ugrave;ng iOS (trước đ&oacute; t&ocirc;i d&ugrave;ng Android), t&ocirc;i thực sự muốn chứng minh với bản th&acirc;n m&igrave;nh rằng t&ocirc;i c&oacute; thể tho&aacute;t khỏi &ldquo;khu vườn xinh đẹp với tường th&agrave;nh bao quanh&rdquo; của Apple m&agrave; kh&ocirc;ng c&oacute; cảm gi&aacute;c m&igrave;nh đ&atilde; phải hi sinh một thứ g&igrave; đấy.</p>\r\n\r\n<p>Thế nhưng, kết quả l&agrave; t&ocirc;i đ&atilde; kh&ocirc;ng l&agrave;m được, v&agrave; thực sự t&ocirc;i c&ograve;n nhận ra m&igrave;nh đ&atilde; ho&agrave;n to&agrave;n bị &ldquo;giam cầm&rdquo; bởi c&ocirc;ng ty gi&agrave;u nhất quả đất n&agrave;y rồi!</p>\r\n\r\n<h3>Thử quay lại d&ugrave;ng Android v&agrave; thất bại</h3>\r\n\r\n<p>&Yacute; tưởng ban đầu của t&ocirc;i l&agrave; thế n&agrave;y: bỏ d&ugrave;ng iPhone 7 để chuyển sang d&ugrave;ng Samsung Galaxy Note 8. Bởi t&ocirc;i chỉ phải bỏ ra c&oacute; 300 USD để mua chiếc điện thoại mới nhất của Samsung th&ocirc;i, do năm ngo&aacute;i đ&atilde; mua Galaxy Note 7, thế n&ecirc;n được giảm gi&aacute; tới 600 USD, kh&aacute; kh&oacute; để bỏ qua ưu đ&atilde;i hấp dẫn n&agrave;y.</p>\r\n\r\n<p>Sau đ&oacute;, t&ocirc;i đ&atilde; rất th&iacute;ch chiếc Note 8. M&agrave;n h&igrave;nh to v&agrave; đẹp, S Pen sử dụng rất th&uacute; vị, t&iacute;nh năng đa nhiệm cho ph&eacute;p người d&ugrave;ng sử dụng 2 ứng dụng một l&uacute;c kh&aacute; tiện lợi. C&aacute;c t&ugrave;y chọn giải tr&iacute;, chơi video games, &hellip; tất cả đều rất tuyệt vời. Thiết bị n&agrave;y dường như hội tụ tất cả mọi yếu tố m&agrave; bạn cần c&oacute; tr&ecirc;n một chiếc điện thoại.</p>\r\n\r\n<p>Quay trở lại vấn đề với Apple, ch&iacute;nh l&agrave; việc hệ điều h&agrave;nh iOS qu&aacute; &ldquo;m&ecirc; hoặc&rdquo;. Một khi bạn bị r&agrave;ng buộc với một chiếc iPhone th&igrave; rời bỏ hệ sinh th&aacute;i Apple l&agrave; điều rất kh&oacute;, đặc biệt nếu những người th&acirc;n y&ecirc;u của bạn cũng d&ugrave;ng iOS.</p>\r\n\r\n<p>Cụ thể, sau khi t&ocirc;i chuyển qua d&ugrave;ng lại Android với Note8, bỗng nhi&ecirc;n t&ocirc;i đ&atilde; bỏ lỡ rất nhiều tin nhắn, bởi t&ocirc;i v&agrave; bạn b&egrave; đ&atilde; kh&ocirc;ng c&ograve;n c&ugrave;ng sử dụng iMessage nữa. T&ocirc;i đ&atilde; thử d&ugrave;ng Twitter hay Facebook Messenger để Chat nh&oacute;m, nhưng kết cục l&agrave; c&aacute;c đoạn hội thoại dường như ng&agrave;y c&agrave;ng &iacute;t đi bởi đ&acirc;y l&agrave; những ứng dụng m&agrave; ch&uacute;ng t&ocirc;i kh&ocirc;ng hay d&ugrave;ng.</p>\r\n\r\n<p>Những ứng dụng như Snapchat v&agrave; Instagram cũng kh&ocirc;ng thể hiển thị một c&aacute;ch r&otilde; r&agrave;ng bởi thiết kế m&agrave;n h&igrave;nh kỳ quặc của Note 8. Gửi ảnh v&agrave; video cho bạn b&egrave; cần th&ecirc;m kh&aacute; nhiều bước, hơn nữa t&ocirc;i kh&ocirc;ng chắc h&igrave;nh ảnh m&igrave;nh chụp v&agrave; gửi đi sẽ được hiển thị giống tr&ecirc;n iPhone của vợ t&ocirc;i hay kh&ocirc;ng, bởi m&agrave;u m&agrave;n h&igrave;nh của Note 8 v&agrave; iPhone kh&aacute; kh&aacute;c nhau.</p>\r\n\r\n<p>T&ocirc;i đ&atilde; thấy rất hối tiếc, cảm gi&aacute;c v&ocirc; c&ugrave;ng kh&oacute; chịu bởi nhận ra rằng m&igrave;nh đ&atilde; bị Apple &ldquo;giam lỏng&rdquo; mất rồi. Trước đ&acirc;y t&ocirc;i đ&atilde; d&ugrave;ng Android h&agrave;ng năm trời, vậy m&agrave; từ khi chuyển sang d&ugrave;ng iPhone 7, t&ocirc;i đ&atilde; kh&ocirc;ng thể quay lại d&ugrave;ng lại Android được nữa!</p>\r\n\r\n<h3>Sự &ldquo;nham hiểm&rdquo; của Apple</h3>\r\n\r\n<p>Apple thể hiện sức mạnh của m&igrave;nh th&ocirc;ng qua iPhone bằng c&aacute;i c&aacute;ch m&agrave; kh&ocirc;ng h&atilde;ng sản xuất n&agrave;o kh&aacute;c c&oacute; thể l&agrave;m được với c&aacute;c thiết bị Android. Về cơ bản, chiếc iPhone đ&atilde; được thiết kế để &ldquo;g&acirc;y nghiện&rdquo;. N&oacute; sẽ khiến bạn phải nh&igrave;n v&agrave;o m&agrave;n h&igrave;nh kh&ocirc;ng ngừng nghỉ. Những ứng dụng mạng x&atilde; hội sẽ hiện l&ecirc;n v&ocirc; v&agrave;n những th&ocirc;ng tin một c&aacute;ch li&ecirc;n tục.</p>\r\n\r\n<p>Thế nhưng điều kh&aacute;c biệt lớn nhất của Apple so với những đối thủ kh&aacute;c l&agrave; sự bao qu&aacute;t, điều khiển to&agrave;n bộ c&aacute;c sản phẩm của h&atilde;ng. Tr&ecirc;n iPhone, bạn sẽ kh&ocirc;ng d&ugrave;ng tin nhắn SMS th&ocirc;ng thường m&agrave; sẽ sử dụng iMessage c&oacute; thể nhắn đến tất cả c&aacute;c thiết bị. Nếu Apple tung ra một bản cập nhật iOS, tất cả người d&ugrave;ng đều c&oacute; thể n&acirc;ng cấp tr&ecirc;n iPhone v&agrave; iPad của m&igrave;nh. V&agrave; tất nhi&ecirc;n, nếu bạn muốn nghe nhạc tr&ecirc;n chiếc iPhone mới nhất th&igrave; sẽ phải mua một chiếc tai nghe cổng lightning.</p>\r\n\r\n<p>Tất cả những điều tr&ecirc;n sẽ th&ocirc;i th&uacute;c người d&ugrave;ng n&acirc;ng cấp thiết bị của họ đều như &ldquo;vắt chanh&rdquo;, đ&ocirc;i khi l&agrave; kh&ocirc;ng cần thiết (bởi mỗi lần n&acirc;ng cấp iOS th&igrave; c&aacute;c thiết bị cũ sẽ trở n&ecirc;n chậm chạp, kh&ocirc;ng c&ograve;n khả năng tương th&iacute;ch) v&agrave; c&ograve;n khiến bạn bắt buộc phải chọn lựa sử dụng những t&iacute;nh năng m&igrave;nh kh&ocirc;ng th&iacute;ch (như sử dụng c&ocirc;ng nghệ nhận diện khu&ocirc;n mặt FaceID tr&ecirc;n iPhone X trong tương lai).</p>\r\n\r\n<p>Với đối thủ Android th&igrave; ho&agrave;n to&agrave;n kh&aacute;c. Mặc d&ugrave; được ph&aacute;t triển bởi Google nhưng hệ điều h&agrave;nh n&agrave;y lại c&oacute; m&atilde; nguồn mở, điều tuyệt vời n&agrave;y cho ph&eacute;p bất kỳ c&ocirc;ng ty n&agrave;o cũng c&oacute; thể tạo n&ecirc;n một thiết bị Android, l&agrave;m cho thị trường c&oacute; mẫu m&atilde; c&aacute;c sản phẩm đa dạng v&agrave; ph&ugrave; hợp với nhiều tầng lớp người d&ugrave;ng. Thế nhưng cũng ch&iacute;nh v&igrave; l&yacute; do đ&oacute; m&agrave; Android hoạt động kh&ocirc;ng được tốt lắm.</p>\r\n\r\n<p>Nhắn tin rất bất ổn, c&aacute;c ứng dụng nhận được cập nhật hỗ trợ kh&ocirc;ng đồng đều, trải nghiệm của người d&ugrave;ng k&eacute;m đồng nhất. Việc n&acirc;ng cấp hệ điều h&agrave;nh ho&agrave;n to&agrave;n nằm ngo&agrave;i tầm kiểm so&aacute;t của Google. (Hầu hết người d&ugrave;ng Android đang sử dụng phi&ecirc;n bản hệ điều h&agrave;nh đ&atilde; ra mắt c&aacute;ch đ&acirc;y 2 năm hoặc hơn).</p>\r\n\r\n<p>Kết luận l&agrave; người d&ugrave;ng smartphone chỉ c&oacute; 2 sự lựa chọn: Chấp nhận bị r&agrave;ng buộc với Apple hoặc phải chịu đựng sự bất ổn của Android. Mặc d&ugrave; chiếc Pixel của ch&iacute;nh cha đẻ Google vừa ra mắt đ&atilde; cố gắng giảm thiểu những vấn đề tr&ecirc;n, bằng c&aacute;ch cung cấp c&aacute;c cập nhật trực tiếp, thế nhưng cũng chẳng thể so s&aacute;nh được với Quả t&aacute;o khuyết. Cuối c&ugrave;ng sau một thời gian đắn đo, t&ocirc;i lại quyết định tiếp tục chọn Apple.</p>\r\n', 1, 0, 1, 1),
(4, 'Apple sẽ ra mắt iPhone XI Plus với bút cảm ứng vào đầu năm 2019? ', 'apple-se-ra-mat-iphone-xi-plus-voi-but-cam-ung-vao-dau-nam-2019', 'Chúng ta thật sự không biết Apple sẽ làm gì với một chiếc bút stylus cảm ứng điện dung dành cho iPhone. Tuy nhiên, một “nguồn tin công nghiệp” hôm nay khẳng định công ty này đang đàm phán với các công ty sản xuất bút stylus cho một sản phẩm hoàn thiện cuối cùng.', 'img/upload/apple-se-ra-mat-iphone-xi-plus-voi-but-cam-ung-vao-dau-nam-2019.jpg', '2017-10-13 08:56:25', 1, '<p>D&ugrave; n&oacute; c&oacute; thể l&agrave; một phần kh&ocirc;ng thể t&aacute;ch rời của iPhone mới hay được b&aacute;n ra như một phụ kiện th&igrave; đ&acirc;y vẫn l&agrave; một th&ocirc;ng tin hết sức th&uacute; vị v&agrave; đ&aacute;ng mong chờ với hầu hết iFan. Theo dự kiến, &ldquo;Apple đang chuẩn bị tung ra iPhone với b&uacute;t cảm ứng v&agrave;o đầu năm 2019&rdquo;.</p>\r\n\r\n<p>C&oacute; 2 nguồn tin đ&aacute;ng tin cậy khẳng định Apple đang ph&aacute;t triển một chiếc iPhone với m&agrave;n h&igrave;nh 6.46 inch (c&oacute; lẽ thiết kế giống như iPhone X hiện tại nhưng c&oacute; m&agrave;n h&igrave;nh lớn hơn). V&agrave; thiết bị n&agrave;y l&agrave; nơi dụng v&otilde; cho chiếc b&uacute;t cảm ứng stylus đầu ti&ecirc;n tr&ecirc;n iPhone.</p>\r\n\r\n<p>Như vậy, đầu năm 2019 Apple c&oacute; thể ra mắt một chiếc iPhone ho&agrave;n to&agrave;n kh&ocirc;ng c&oacute; viền với t&ecirc;n gọi iPhone XI Plus (hay một thứ g&igrave; giống như vậy) v&agrave; tất nhi&ecirc;n l&agrave; k&egrave;m theo một c&acirc;y b&uacute;t cảm ứng.</p>\r\n\r\n<p>C&oacute; nhiều c&aacute;ch để tận dụng lợi thế của một chiếc điện thoại với m&agrave;n h&igrave;nh lớn v&agrave; d&ograve;ng Galaxy Note của Samsung l&agrave; một minh chứng r&otilde; r&agrave;ng nhất. Liệu Apple c&oacute; được coi l&agrave; &ldquo;copy&rdquo; &yacute; tưởng của Samsung sau nhiều năm ch&ecirc; bai t&aacute;c dụng của b&uacute;t Stylus hay kh&ocirc;ng?</p>\r\n\r\n<p><strong><em>Tham khảo: PhoneArena</em></strong></p>\r\n', 1, 0, 1, 1),
(5, 'App Pair trên Galaxy Note8 là gì và vì sao chúng ta nên dùng nó? ', 'app-pair-tren-galaxy-note8-la-gi-va-vi-sao-chung-ta-nen-dung-no', 'Nói đến chia màn hình, một số người dùng sẽ nghĩ ngay đến tính năng Split Screen, nhưng Samsung đã dựa theo ý tưởng này để phát triển thêm một tính năng mới có tên gọi App Pair, nhanh và tiện dụng hơn rất nhiều.', 'img/upload/app-pair-tren-galaxy-note8-la-gi-va-vi-sao-chung-ta-nen-dung-no.jpg', '2017-10-13 09:04:45', 1, '<p>Với một chiếc smartphone m&agrave;n h&igrave;nh lớn v&agrave; đặc biệt sở hữu tỉ lệ hiển thị 18.5:9 như Galaxy Note8, việc trải nghiệm ứng dụng sẽ c&oacute; nhiều tiện lợi v&agrave; th&iacute;ch th&uacute; hơn. V&igrave; sao lại như vậy? Bởi với kiểu m&agrave;n h&igrave;nh d&agrave;i thế n&agrave;y, ch&uacute;ng ta c&oacute; thể chia được m&agrave;n h&igrave;nh th&agrave;nh 2 cửa sổ ứng dụng kh&aacute;c nhau, từ đ&oacute; thao t&aacute;c v&agrave; xử l&yacute; đa t&aacute;c vụ theo đ&uacute;ng nghĩa đen m&agrave; n&oacute; cần c&oacute; từ bao năm qua.</p>\r\n\r\n<p>Thử nghĩ xem, nếu sử dụng t&iacute;nh năng Split Screen, bạn phải tốn kh&aacute; nhiều thao t&aacute;c để mở một ứng dụng, sau đ&oacute; lại chọn t&iacute;nh năng chia m&agrave;n h&igrave;nh để rồi lựa chọn th&ecirc;m một ứng dụng kh&aacute;c, qu&aacute; rườm r&agrave; v&agrave; rắc rối. C&ograve;n với App Pair th&igrave; sao? Đơn giản l&agrave; chỉ một v&agrave;i bước c&agrave;i đặt sẵn từ trước v&agrave; sau n&agrave;y bạn chỉ cần một c&uacute; chạm l&agrave; mọi thứ đ&atilde; tự động h&oacute;a cho cả rồi!</p>\r\n\r\n<h3>C&aacute;ch c&agrave;i đặt App Pair</h3>\r\n\r\n<p>Đầu ti&ecirc;n vuốt từ cạnh viền m&agrave;n h&igrave;nh phải sang tr&aacute;i để mở Edge Panel. Ở đ&acirc;y bạn sẽ thấy c&oacute; sẵn một số shortcut để mở ứng dụng, k&egrave;m theo đ&oacute; l&agrave; một v&agrave;i dấu + . Đ&acirc;y ch&iacute;nh l&agrave; biểu tượng để bạn tạo th&ecirc;m c&aacute;c shortcut đơn cũng như l&agrave; shortcut đ&ocirc;i (App Pair).</p>\r\n\r\n<p>Nhấn v&agrave;o dấu + v&agrave; l&uacute;c n&agrave;y một cửa sổ menu mở ra cho ph&eacute;p bạn t&ugrave;y chỉnh. H&atilde;y để &yacute; đến phần &quot;Create App Pair&quot; nằm tr&ecirc;n g&oacute;c phải, đ&acirc;y l&agrave; nơi để bạn gh&eacute;p hai ứng dụng lại đấy.</p>\r\n\r\n<p>Đến phần n&agrave;y, bạn c&oacute; thể tự do chọn hai ứng dụng muốn gh&eacute;p đ&ocirc;i, chọn Done để ho&agrave;n th&agrave;nh.</p>\r\n\r\n<p>Từ đ&acirc;y mỗi lần muốn khởi động c&ugrave;ng l&uacute;c 2 ứng dụng chạy chia m&agrave;n h&igrave;nh, bạn chỉ cần vuốt Edge Panel ra l&agrave; sẽ thấy.</p>\r\n\r\n<p>C&agrave;i đặt l&agrave; thế, nhưng muốn bắt cặp thế n&agrave;o cho hiệu quả? Ch&uacute;ng t&ocirc;i c&oacute; một số gợi &yacute; cho c&aacute;c bạn t&ugrave;y theo từng trường hợp m&agrave; sử dụng:</p>\r\n\r\n<p>- Tr&igrave;nh nghe nhạc v&agrave; Bản đồ: v&ocirc; c&ugrave;ng th&ocirc;ng dụng d&agrave;nh cho những c&aacute;nh t&agrave;i xế, chỉ việc l&ecirc;n xe mở bản đồ xem đường v&agrave; phần c&ograve;n lại l&agrave; tr&igrave;nh lựa chọn nhạc để ph&aacute;t tr&ecirc;n qu&atilde;ng đường đi.</p>\r\n\r\n<p>- Camera v&agrave; Thư viện ảnh: Thoải m&aacute;i chụp ảnh v&agrave; xem lại ngay ảnh trong thư mục m&agrave; kh&ocirc;ng cần bất kỳ thao t&aacute;c n&agrave;o l&agrave;m ngắt qu&atilde;ng qu&aacute; tr&igrave;nh chụp.</p>\r\n\r\n<p>- Chrome v&agrave; Facebook: Vừa lướt Facebook vừa duyệt web.</p>\r\n\r\n<p>- Chrome v&agrave; Note: Xem m&oacute;n ăn tr&ecirc;n web rồi viết ghi ch&uacute; lại để tối chở &quot;gấu&quot; đi ăn.</p>\r\n\r\n<p>- Facebook v&agrave; Youtube: Vừa xem video lại vừa lướt news feed tr&ecirc;n Facebook.</p>\r\n\r\n<p>- Facebook Messenger v&agrave; Chrome: Tha hồ chat chit lại cũng c&oacute; thể đọc tin tức li&ecirc;n tục.</p>\r\n', 1, 1, 1, 1),
(6, 'ThinkPad Anniversary Edition 25 – Đậm nét hoài cổ', 'thinkpad-anniversary-edition-25-dam-net-hoai-co', 'Giống với tên gọi, ThinkPad 25 là phiên bản đánh dấu chặng đường 25 năm kể từ khi IBM bán ra thị trường mẫu đầu tiên ThinkPad 700C. Thiết kế sản phẩm thể hiện rõ nét hoài cổ với logo nhiều màu sắc, bàn phím 7 hàng với nút Enter nổi bật màu xanh đặc trưng và cụm phím chức năng giống hệt kiểu cũ.', 'img/upload/thinkpad-anniversary-edition-25-dam-net-hoai-co.jpg', '2017-10-13 09:12:19', 1, '<p>Thiết kế bản Anniversary vẫn giữ n&eacute;t truyền thống của d&ograve;ng ThinkPad với kiểu d&aacute;ng đơn giản, đường n&eacute;t g&oacute;c cạnh mạnh mẽ. Vỏ m&aacute;y bằng nhựa mềm v&agrave; c&oacute; th&ecirc;m lớp sợi carbon b&ecirc;n dưới, kết cấu khung m&aacute;y bằng hợp kim magi&ecirc; cấu tr&uacute;c tổ ong n&ecirc;n tổng thể m&aacute;y kh&aacute; nhẹ nhưng vẫn chắc chắn, mang lại sự tin cậy cho người d&ugrave;ng.</p>\r\n\r\n<p>Như ch&uacute;ng ta đ&atilde; biết, ThinkPad kh&ocirc;ng phải l&agrave; mẫu m&aacute;y t&iacute;nh c&oacute; k&iacute;ch cỡ mỏng nhẹ nhất, cấu h&igrave;nh mạnh nhất hay thiết kế hấp dẫn nhất. Tuy nhi&ecirc;n sản phẩm vẫn tạo được sự hấp dẫn người d&ugrave;ng bằng việc kết hợp h&agrave;i h&ograve;a cả ba yếu tố kể tr&ecirc;n. Đặc biệt sản phẩm d&ograve;ng ThinkPad vẫn giữ được những n&eacute;t truyền thống. V&agrave; điều n&agrave;y đ&atilde; g&oacute;p phần kh&ocirc;ng nhỏ trong việc định vị h&igrave;nh ảnh thương hiệu trong t&acirc;m thức người d&ugrave;ng suốt 25 năm qua.</p>\r\n\r\n<p>Chẳng hạn logo ThinkPad một thời với nhiều m&agrave;u sắc hơn so với hiện nay. B&agrave;n ph&iacute;m của bản Anniversary c&oacute; đến 7 h&agrave;ng ph&iacute;m theo kiểu truyền thống trong khi c&aacute;c mẫu ThinkPad hiện nay như X1 Carbon, T470 hoặc P51 được r&uacute;t gọn chỉ c&ograve;n 6 h&agrave;ng m&agrave; th&ocirc;i. Nh&oacute;m ph&iacute;m chức năng được bố tr&iacute; theo kiểu cũ, mang lại cảm gi&aacute;c quen thuộc nếu bạn đ&atilde; từng sử dụng một v&agrave;i sản phẩm trước đ&acirc;y. Ph&iacute;m Enter cũng đổi lại m&agrave;u xanh nguy&ecirc;n bản thay v&igrave; sử dụng t&ocirc;ng đen như hiện nay.</p>\r\n\r\n<p>Kh&ocirc;ng chỉ vậy, điểm th&uacute; vị trong thiết kế ThinkPad 25 l&agrave; sự kết hợp giữa truyền thống v&agrave; hiện đại. Bạn c&oacute; thể sử dụng trỏ chuột c&ugrave;ng hai n&uacute;t nhấn tr&aacute;i, phải nằm ngay dưới b&agrave;n ph&iacute;m hoặc năng động hơn với touchpad cảm ứng đa điểm th&ocirc;ng minh. Về c&aacute; nh&acirc;n, m&igrave;nh quen sử dụng touchpad tr&ecirc;n c&aacute;c sản phẩm kh&aacute;c nhau n&ecirc;n cảm thấy bất tiện khi quay lại với trỏ chuột v&agrave; n&uacute;t nhấn.</p>\r\n\r\n<p>Tất nhi&ecirc;n đ&acirc;y l&agrave; những thứ c&oacute; gi&aacute; trị truyền thống, g&oacute;p phần x&acirc;y dựng thương hiệu ThinkPad th&agrave;nh biểu tượng trong ng&agrave;nh c&ocirc;ng nghiệp m&aacute;y t&iacute;nh c&aacute; nh&acirc;n. Song song đ&oacute;, ThinkPad tiếp tục c&oacute; sự cải tiến, thay đổi theo nhịp ph&aacute;t triển c&ocirc;ng nghệ nhằm đ&aacute;p ứng y&ecirc;u cầu người d&ugrave;ng.</p>\r\n\r\n<p>Chẳng hạn từ mẫu 700C đầu ti&ecirc;n cho tới hiện nay, ThinkPad đ&atilde; ph&acirc;n nh&aacute;nh th&agrave;nh 3 d&ograve;ng ri&ecirc;ng biệt, gồm ThinkPad X với c&aacute;c sản phẩm c&oacute; t&iacute;nh di động linh hoạt, sử dụng được ở nhiều chế độ kh&aacute;c nhau. ThinkPad T chủ yếu hướng đến doanh nghiệp với c&aacute;c t&iacute;nh năng bảo mật ch&uacute; trọng v&agrave; ThinkPad P d&agrave;nh cho người d&ugrave;ng cần cấu h&igrave;nh hiệu năng cao.</p>\r\n\r\n<p>Trở lại với ThinkPad 25. Tuy c&oacute; thiết kế mỏng nhẹ nhưng sản phẩm vẫn trang bị đầy đủ cổng kết nối ti&ecirc;u chuẩn, gồm ng&otilde; xuất t&iacute;n hiệu h&igrave;nh ảnh HDMI, 3 cổng USB 3.1 v&agrave; 1 USB 3.1 type C hỗ trợ Thunderbolt 3 tr&ecirc;n c&ugrave;ng giao tiếp vật l&yacute;. M&aacute;y cũng hỗ trợ kết nối Wi-Fi 802.11ac 2x2, Bluetooth 4.1, kết nối ethernet gigabit v&agrave; cả đầu đọc thẻ 4 trong 1.</p>\r\n\r\n<p>B&ecirc;n cạnh đầu sạc pin theo kiểu cũ th&igrave; bạn c&oacute; thể sạc được qua cả cổng USB type C của m&aacute;y. Đ&acirc;y được xem l&agrave; giải ph&aacute;p tiện dụng cho những bạn thường xuy&ecirc;n di chuyển v&igrave; kh&ocirc;ng phải mang theo qu&aacute; nhiều phụ kiện, c&aacute;p nguồn ứng với mỗi thiết bị. Điểm đặc biệt ở phi&ecirc;n bản Anniversary Edition l&agrave; c&oacute; đến 2 bộ pin b&ecirc;n trong m&aacute;y, gi&uacute;p mở rộng thời lượng dung pin đ&aacute;ng kể. Cụ thể trong ph&eacute;p thử thực tế với PCMark 8, thời lượng dung pin của m&aacute;y đạt hơn 8 tiếng li&ecirc;n tục. Như vậy bạn c&oacute; thể an t&acirc;m bỏ cục sạc ở nh&agrave;, hang ng&agrave;y chỉ cần x&aacute;ch m&aacute;y t&iacute;nh đến văn ph&ograve;ng v&agrave; tối về sạc pin l&agrave; xong.</p>\r\n\r\n<p>Về cấu h&igrave;nh phần cứng, mẫu ThinkPad Tinhte thử nghiệm trang bị m&agrave;n h&igrave;nh cảm ứng 14 inch Full HD, chip Kaby Lake Core i7-7500U, GPU GeForce 940MX v&agrave; SSD M.2 dung lượng đến 512GB. Phần đ&aacute;nh gi&aacute; hiệu năng chi tiết, mời c&aacute;c bạn xem trong b&agrave;i viết sau nghe.</p>\r\n', 2, 0, 1, 1),
(7, 'Mi NoteBook Pro: 15.6\", Core i7, GeForce MX150, cảm biến vân tay, giá cao nhất 1100$', 'mi-notebook-pro-15-6-core-i7-geforce-mx150-cam-bien-van-tay-gia-cao-nhat-1100', 'Xiaomi Mi Notebook Pro có màn hình 15.6\" nhưng lại chỉ có độ phân giải FullHD, trung bình với kích cỡ của máy. Đáng chú ý là NoteBook Pro sử dụng kính cường lực Gorilla Glass để bảo vệ màn hình. Sản phẩm này có trackpad được tích hợp cảm biến vân tay để mở khóa máy.', 'img/upload/mi-notebook-pro-15-6-core-i7-geforce-mx150-cam-bien-van-tay-gia-cao-nhat-1100.jpg', '2017-10-13 09:14:04', 1, '<p>Sau Mi NoteBook Air th&igrave; Xiaomi cũng đ&atilde; c&oacute; chiếc laptop thứ hai của họ: Xiaomi Mi NoteBook Pro. Chiếc laptop của Xiaomi sử dụng m&agrave;n h&igrave;nh 15.6&quot;, c&oacute; 3 t&ugrave;y chọn cấu h&igrave;nh bao gồm chip Core i7 với 16GB RAM DDR4 2400MHz v&agrave; 256GB SSD NVMe cho cấu h&igrave;nh cao nhất. Mi NoteBook Pro sẽ được b&aacute;n với gi&aacute; gần 1100$ cho phi&ecirc;n bản cao nhất. Ngo&agrave;i ra c&aacute;c bạn c&ograve;n c&oacute; t&ugrave;y chọn i7 + 8GB RAM hoặc i5 + 8GB RAM với gi&aacute; khoảng 983$ v&agrave; 860$. Mi NoteBook Pro sẽ nặng 1.95kg, d&agrave;y 15.9mm</p>\r\n\r\n<p>Mi NoteBook Pro sẽ d&ugrave;ng CPU Intel Core i thế hệ thứ 8, phi&ecirc;n bản U với 4 nh&acirc;n xử l&yacute; (c&oacute; vẻ như l&agrave; Kaby Lake Core i5-8250U 3.4GHz hoặc i7-8550U 4GHz, d&ugrave;ng chip đồ họa nVidia GeForce MX150. MX150 l&agrave; con chip đồ họa mới của nVidia để thay thế cho 940MX xuất hiện qu&aacute; nhiều tr&ecirc;n c&aacute;c m&aacute;y t&iacute;nh trước kia, theo nVidia th&igrave; n&oacute; mạnh hơn khoảng 4 lần so với card đồ họa t&iacute;ch hợp HD520 của Intel, khoảng 25% so với GeForce 940MX. MX150 c&ograve;n được mọi người gọi với t&ecirc;n GeForce GT 1030 để dễ so s&aacute;nh với c&aacute;c phi&ecirc;n bản kh&aacute;c.</p>\r\n\r\n<p>&nbsp;</p>\r\n', 2, 2, 1, 1),
(8, 'MSI GT75VR Titan Pro: 3 điểm tạo sự khác biệt cho chiếc laptop chơi game 90 triệu đồng', 'msi-gt75vr-titan-pro-3-diem-tao-su-khac-biet-cho-chiec-laptop-choi-game-90-trieu-dong', 'Laptop chơi game chẳng bao giờ rẻ, nhưng nếu nhìn vào giá của dòng cao cấp như MSI GT75VR Titan lên đến 90 triệu thì chắc hẳn không ít bạn sẽ cảm thấy khá khó tin. Tuy nhiên đôi lúc phải trải nghiệm thực tế thì chúng ta mới hiểu được rằng vì sao chiếc laptop này lại đắt đến như vậy, và cũng vì sao mà có những bạn sẵn sàng trả số tiền lớn để sở hữu nó. Có rất nhiều lý do, nhưng sau đây là 3 điểm nhấn chính tạo sự khác biệt mà mình nhận thấy sau một thời gian sử dụng MSI GT75VR Titan Pro.', 'img/upload/msi-gt75vr-titan-pro-3-diem-tao-su-khac-biet-cho-chiec-laptop-choi-game-90-trieu-dong.jpg', '2017-10-13 09:19:11', 1, '<p>MSI GT75VR Titan Pro (GT75) l&agrave; d&ograve;ng laptop chơi game hướng đến việc đem lại cho người sử dụng trải nghiệm gần với PC nhất c&oacute; thể m&agrave; vẫn giữ được t&iacute;nh cơ động. Ch&iacute;nh v&igrave; vậy hiệu năng c&oacute; thể xem l&agrave; điểm nhấn quan trọng nhất ở đ&acirc;y. Phi&ecirc;n bản m&igrave;nh m&igrave;nh sử dụng l&agrave; bản c&oacute; cấu h&igrave;nh tối đa, được trang bị CPU Core i7-7820HK, GPU GTX 1080, 32 GB RAM DDR4 v&agrave; SSD 512 GB (+ 1 TB HDD). Ch&iacute;nh v&igrave; vậy m&agrave; hiệu năng của n&oacute; cực kỳ ấn tượng:</p>\r\n\r\n<p>Kết quả benchmark hiệu năng của GT75 l&agrave; cực kỳ ấn tượng. Trong đ&oacute; điểm PCMark Home l&agrave; 4605, cao hơn 97% tất cả c&aacute;c hệ thống đ&atilde; qua b&agrave;i thử n&agrave;y v&agrave; cao hơn kha kh&aacute; so với ti&ecirc;u chuẩn (tối thiểu) của PC Gaming 4K. Điều th&uacute; vị l&agrave; d&ugrave; điểm benchmark tổng hợp chỉ cao hơn đ&ocirc;i ch&uacute;t so với GE73VR Raider (Core i7-7700HQ, GTX 1070) nhưng khi chơi game th&igrave; kết quả của GT75 lại cao gần gấp đ&ocirc;i. Điều n&agrave;y c&oacute; thể l&yacute; giải l&agrave; do chơi game th&igrave; ăn GPU nhiều hơn, v&agrave; GTX 1080 mạnh hơn kh&aacute; nhiều so với GTX 1070. Ở độ ph&acirc;n giải FullHD th&igrave; hiệu năng của GT75 cho ph&eacute;p n&oacute; dễ d&agrave;ng vượt mốc 60 fps tối thiểu, v&agrave; thậm ch&iacute; đạt ngưỡng 120 fps với cả những tr&ograve; bom tấn như Doom hay Battlefield 1.</p>\r\n\r\n<p>V&igrave; sao lại 120 fps? C&acirc;u trả lời nằm ở chỗ m&agrave;n h&igrave;nh của GT75 l&agrave; m&agrave;n FullHD 120 Hz với tốc độ đ&aacute;p ứng nhanh nhất thời điểm hiện tại l&agrave; 3 ms. So với m&agrave;n h&igrave;nh 4K 60 Hz, m&agrave;n h&igrave;nh FullHD 120 Hz khi chơi game sẽ mang lại sự mượt m&agrave; ngay cả những cảnh chuyển động nhanh. Trong khi đ&oacute; tốc độ đ&aacute;p ứng 3ms đ&oacute;ng vai tr&ograve; giảm đến tối thiểu hiện tượng b&oacute;ng ma. Một ưu thế của GT75 ch&iacute;nh l&agrave; m&agrave;n h&igrave;nh n&agrave;y hỗ trợ c&ocirc;ng nghệ G-Sync. Khi k&iacute;ch hoạt n&oacute; sẽ đồng bộ tốc độ dựng h&igrave;nh v&agrave; tần số qu&eacute;t, triệt ti&ecirc;u hiện tượng lag thường thấy đối với chế độ V-Sync truyền thống. Giới hạn tốc độ khung h&igrave;nh xuống 120 fps cũng đồng thời tr&aacute;nh t&igrave;nh trạng hao ph&iacute; t&agrave;i nguy&ecirc;n hệ thống v&agrave; gi&uacute;p laptop hoạt động m&aacute;t mẻ hơn.</p>\r\n\r\n<p>​Trong ph&ograve;ng m&aacute;y lạnh 24 độ, c&aacute;c bạn c&oacute; thể thấy được l&agrave; nhiệt độ trong l&uacute;c hoạt động kh&aacute; m&aacute;t mẻ. Khi k&iacute;ch hoạt chế độ Cooler Boost (max tốc độ quạt), ch&uacute;ng ta c&oacute; 72 độ d&agrave;nh cho GPU v&agrave; 60 độ d&agrave;nh cho CPU. Nếu bạn kh&ocirc;ng th&iacute;ch ồn &agrave;o, ngay cả khi tắt Cooler Boost th&igrave; m&aacute;y cũng n&oacute;ng l&ecirc;n v&agrave;i độ nhưng vẫn nằm trong tầm kiểm so&aacute;t. Điều quan trọng nhất l&agrave; khi hoạt động th&igrave; xung ho&agrave;n to&agrave;n kh&ocirc;ng bị b&oacute;p do qu&aacute; nhiệt, ngay cả khi xung GPU đạt đến 1835 MHz. V&agrave; đ&acirc;y cũng l&agrave; một trong những l&yacute; do m&agrave; laptop chơi game cao cấp như GT75 c&oacute; k&iacute;ch thước kh&aacute; lớn, bởi lẽ cấu h&igrave;nh mạnh đ&ograve;i hỏi tản nhiệt hiệu suất cao th&igrave; mới c&oacute; thể hoạt động ổn định được. Hiện nay ch&uacute;ng ta c&oacute; giải ph&aacute;p Max-Q của Nvidia gi&uacute;p cho đạt một cấp độ mới về hiệu năng đối với laptop si&ecirc;u mỏng, nhưng n&oacute; vẫn c&ograve;n một chặng đường kh&aacute; d&agrave;i th&igrave; mới c&oacute; thể bắt kịp được với sức mạnh v&agrave; độ m&aacute;t của những d&ograve;ng x&ocirc;i thịt như GT75.</p>\r\n\r\n<p>V&agrave; cuối c&ugrave;ng l&agrave; như bao chiếc desktop cao cấp thường thấy, GT75 cũng hỗ trợ &eacute;p xung nếu bạn cảm thấy hiệu năng mặc định của m&aacute;y l&agrave; chưa đủ. Điểm kh&aacute;c biệt lớn nhất giữa CPU Core i7-7820HK so với Core i7-7700HQ truyền thống đ&oacute; ch&iacute;nh l&agrave; n&oacute; mở kho&aacute; hệ số nh&acirc;n cho &eacute;p bạn &eacute;p xung như CPU d&ograve;ng K của desktop.</p>\r\n\r\n<h3>B&agrave;n ph&iacute;m cơ Rapid của SteelSeries</h3>\r\n\r\n<p>Tuy nhi&ecirc;n kh&ocirc;ng phải sức mạnh m&agrave; ch&iacute;nh b&agrave;n ph&iacute;m mới l&agrave; điểm nhấn thật sự tạo kh&aacute;c biệt cho GT75. Ở ph&acirc;n kh&uacute;c laptop cao cấp n&agrave;y, mạnh mẽ l&agrave; t&iacute;nh năng &quot;bắt buộc&quot; nhưng b&agrave;n ph&iacute;m cơ th&igrave; chỉ m&igrave;nh GT75 l&agrave; c&oacute;. Trước đ&acirc;y b&agrave;n ph&iacute;m cơ l&agrave; &quot;t&iacute;nh năng xa xỉ&quot; d&agrave;nh ri&ecirc;ng cho laptop trăm triệu m&agrave; th&ocirc;i.</p>\r\n\r\n<p>Dĩ nhi&ecirc;n đ&acirc;y kh&ocirc;ng phải l&agrave; b&agrave;n ph&iacute;m sử dụng switch cơ th&ocirc;ng thường như Cherry MX m&agrave; bạn thường thấy. MSI họ phối hợp với SteelSeries, h&atilde;ng chuy&ecirc;n sản xuất gaming gear nổi tiếng của Đan Mạch để ph&aacute;t triển ra switch Rapid d&agrave;nh ri&ecirc;ng cho GT75. V&agrave; cũng như mọi b&agrave;n ph&iacute;m cơ kh&aacute;c, một khi đ&atilde; d&ugrave;ng th&igrave; bạn rất kh&oacute; quay lại với b&agrave;n ph&iacute;m truyền thống.</p>\r\n\r\n<p>B&agrave;n ph&iacute;m Rapid của GT75 được thiết kế với h&agrave;nh tr&igrave;nh ph&iacute;m/điểm nhận lệnh 3/1,5 mm so với ti&ecirc;u chuẩn trung b&igrave;nh 4/2 mm của Cherry MX Red, ch&iacute;nh điều n&agrave;y &quot;về l&yacute; thuyết&quot; cho ph&eacute;p bạn c&oacute; thể thao t&aacute;c nhanh hơn. Tuy nhi&ecirc;n thực tế th&igrave; n&oacute; phụ thuộc nhiều v&agrave;o th&oacute;i quen g&otilde; ph&iacute;m của bạn m&agrave; mức độ hiệu quả c&oacute; thể cảm nhận được hay kh&ocirc;ng. Chẳng hạn như m&igrave;nh quen nhấn l&uacute;t c&aacute;n MX Red n&ecirc;n kh&aacute;c biệt l&agrave; c&oacute; nhưng kh&ocirc;ng đ&aacute;ng kể.</p>\r\n\r\n<p>Điểm ăn tiền nhất của b&agrave;n ph&iacute;m cơ ch&iacute;nh l&agrave; độ phản hồi cực tốt, bấm sướng tay hơn hẳn b&agrave;n ph&iacute;m truyền thống d&ugrave;ng ron cao su. Một lưu &yacute; nhỏ l&agrave; switch Rapid n&agrave;y cũng giống gần như MX Blue, tức l&agrave; sẽ c&oacute; phản hồi khi bấm qua điểm nhận lệnh v&agrave; tiếng click, c&aacute; nh&acirc;n m&igrave;nh thấy ổn nhưng c&oacute; thể một số bạn sẽ kh&ocirc;ng th&iacute;ch. Phần keycap mỏng v&agrave; kh&ocirc;ng thể thay thế được, vốn cũng kh&ocirc;ng phải l&agrave; lạ đối với b&agrave;n ph&iacute;m cơ laptop, nhưng được c&aacute;i bấm nhẹ v&agrave; h&agrave;nh tr&igrave;nh ngắn n&ecirc;n rất ổn định. Theo m&igrave;nh biết th&igrave; hiện tại chỉ c&oacute; GT83 l&agrave; sử dụng switch Cherry ti&ecirc;u chuẩn n&ecirc;n thay được keycap m&agrave; th&ocirc;i, nhưng gi&aacute; cực đắt. V&agrave; dĩ nhi&ecirc;n, đ&egrave;n LED RGB cho từng ph&iacute;m l&agrave; điều hiển nhi&ecirc;n phải c&oacute;.</p>\r\n\r\n<h3>Thiết kế tối giản với độ ho&agrave;n thiện tốt</h3>\r\n\r\n<p>V&agrave; điểm tạo sự kh&aacute;c biệt cuối c&ugrave;ng cho GT75 ch&iacute;nh l&agrave; thiết kế. Về mặt thẩm mỹ th&igrave; phụ thuộc nhiều v&agrave;o cảm nhận của mỗi người, nhưng kh&oacute; phủ nhận l&agrave; độ ho&agrave;n thiện của chiếc m&aacute;y n&agrave;y tương xứng với ph&acirc;n kh&uacute;c cao cấp của n&oacute;.</p>\r\n\r\n<p>To&agrave;n bộ khung m&aacute;y được l&agrave;m bằng kim loại chắc chắn, đem lại cảm gi&aacute;c kh&aacute; y&ecirc;n t&acirc;m về độ bền. K&iacute;ch thước của GT75 tuy lớn so với mặt bằng chung, nhưng về cơ bản th&igrave; vẫn nằm trong mức chấp nhận của laptop chơi game v&agrave; bạn ho&agrave;n to&agrave;n c&oacute; thể mang đi được. 4,14 kg cũng tương đồng với c&aacute;c d&ograve;ng laptop c&ugrave;ng ph&acirc;n kh&uacute;c kh&aacute;c.</p>\r\n\r\n<p>Ng&ocirc;n ngữ thiết kế Metalic Sci-fi của MSI thi&ecirc;n về sự tối giản hơn l&agrave; hầm hố cũng l&agrave; một điểm cộng đối với m&igrave;nh. GT75 to lớn nhưng kh&ocirc;ng lo&egrave; loẹt thu h&uacute;t sự ch&uacute; &yacute;, v&agrave; sự phong ngữ thiết kế tối gian cũng &iacute;t bị lỗi mốt theo thời gian. &Acirc;u chăng do bộ khung l&agrave;m bằng kim loại n&ecirc;n chuyện b&aacute;m v&acirc;n tay l&agrave; vấn đề mu&ocirc;n thuở.</p>\r\n', 2, 4, 1, 1),
(9, 'Chọn mua laptop chơi game, giá 30 triệu trở xuống', 'chon-mua-laptop-choi-game-gia-30-trieu-tro-xuong', 'Làm thế nào để chọn được chiếc laptop chơi game hiệu quả, tương xứng với chi phí và đặc biệt có thể chơi tốt các tựa game như mong đợi của bạn ?', 'img/upload/chon-mua-laptop-choi-game-gia-30-trieu-tro-xuong.jpg', '2017-10-13 09:25:00', 1, '<p>C&aacute;c yếu tố cần quan t&acirc;m khi chọn laptop game l&agrave; g&igrave;, card đồ họa, bộ xử l&yacute;, m&agrave;n h&igrave;nh v&agrave; cả khả năng l&agrave;m m&aacute;t của hệ thống tản nhiệt ra sao khi chơi suốt cả ng&agrave;y ? Chip Core i7 c&oacute; cần thiết hay card đồ họa mới l&agrave; thứ quan trọng nhất, quyết định tốc độ xử l&yacute; h&igrave;nh ảnh trong game ? Ngo&agrave;i ra, m&aacute;y t&iacute;nh của bạn sẽ cần bao nhi&ecirc;u RAM v&agrave; liệu SSD c&oacute; đủ cho c&aacute;c game với dung lượng c&agrave;i đặt l&ecirc;n đến h&agrave;ng chục gigabyte hiện nay kh&ocirc;ng ?</p>\r\n\r\n<p>Tr&ecirc;n đ&acirc;y l&agrave; những c&acirc;u hỏi m&igrave;nh nhận được từ một người bạn nhờ tư vấn mua laptop chơi game, chi ph&iacute; dự kiến khoảng 30 triệu đồng trở xuống. Mời c&aacute;c bạn c&ugrave;ng chia sẻ v&agrave; nếu được, đưa ra một v&agrave;i sản phẩm cụ thể k&egrave;m gi&aacute; b&aacute;n để anh em tham khảo nghe.</p>\r\n\r\n<p>V&agrave; m&igrave;nh cũng c&oacute; một c&aacute;i v&iacute; sen 3 trị gi&aacute; 500.000 đồng d&agrave;nh tặng bạn n&agrave;o tư vấn c&oacute; t&acirc;m, ph&ugrave; hợp nhất theo y&ecirc;u cầu tr&ecirc;n.</p>\r\n', 2, 4, 1, 1),
(10, 'Thị trường PC quý 3/2017 vẫn tiếp tục sụt giảm, HP đứng đầu, Lenovo hạng hai', 'thi-truong-pc-quy-3-2017-van-tiep-tuc-sut-giam-hp-dung-dau-lenovo-hang-hai', 'Theo công ty nghiên cứu IDC, lượng PC được giao trên toàn thế giới trong quý 3 năm nay giảm 0,5% so với năm ngoái xuống còn 67,1 triệu chiếc. Đây đã quý thứ 12 liên tiếp ngành này lao dốc tuy rằng mức sụt giảm đã ít hơn so với con số 1,4% được dự báo trước đây. HP giao được nhiều máy nhất với tỉ trọng 22,8%', 'img/upload/thi-truong-pc-quy-3-2017-van-tiep-tuc-sut-giam-hp-dung-dau-lenovo-hang-hai.jpg', '2017-10-13 09:48:38', 1, '<p>Theo c&ocirc;ng ty nghi&ecirc;n cứu IDC, lượng PC được giao tr&ecirc;n to&agrave;n thế giới trong qu&yacute; 3 năm nay giảm 0,5% so với năm ngo&aacute;i xuống c&ograve;n 67,1 triệu chiếc. Đ&acirc;y đ&atilde; qu&yacute; thứ 12 li&ecirc;n tiếp ng&agrave;nh n&agrave;y lao dốc tuy rằng mức sụt giảm đ&atilde; &iacute;t hơn so với con số 1,4% được dự b&aacute;o trước đ&acirc;y. HP giao được nhiều m&aacute;y nhất với tỉ trọng 22,8%, tương đương 15 triệu m&aacute;y, Lenovo theo sau với 21,6%, thứ ba l&agrave; Dell với 16,1% v&agrave; Apple đứng hạng tư với 7,3% v&agrave; cuối c&ugrave;ng l&agrave; Asus với 6,2%.</p>\r\n\r\n<p>C&ugrave;ng một c&acirc;u chuyện như tr&ecirc;n nhưng số liệu m&agrave; c&ocirc;ng ty nghi&ecirc;n cứu Gartner ghi nhận được lại ch&ecirc;nh một &iacute;t, tổng số m&aacute;y b&aacute;n ra vẫn l&agrave; 67 triệu nhưng so với năm ngo&aacute;i mức n&agrave;y đ&atilde; giảm 3,6%, tức lớn hơn nhiều so với con số được IDC b&aacute;o c&aacute;o. Sự kh&aacute;c biệt n&agrave;y đến từ c&aacute;ch đo đạc v&agrave; thu thập dữ liệu kh&aacute;c nhau giữa hai b&ecirc;n về số liệu năm 2016. Gartner n&oacute;i th&ecirc;m rằng thị trường PC rơi 10% v&agrave;o m&ugrave;a khai trường tại Mỹ đ&atilde; k&eacute;o những nơi ổn định kh&aacute;c xuống như Nhật, Mỹ Latin, Trung Đ&ocirc;ng. Số của Gartner th&igrave; HP đứng đầu, Lenovo đứng thứ hai nhưng hai b&ecirc;n đuổi gần như s&aacute;t nhau, Dell đứng thứ ba, Asus thứ tư c&ograve;n Apple hạng năm.</p>\r\n\r\n<p>Cả hai c&ocirc;ng ty đều cho biết trong những qu&yacute; rồi diễn ra việc thiếu hụt linh kiện, cụ thể l&agrave; chip NAND v&agrave; một số vật quan trọng để sản xuất PC, tuy nhi&ecirc;n n&oacute; kh&ocirc;ng phải l&agrave; nguy&ecirc;n nh&acirc;n lớn dẫn đến sự sụt giảm về lượng m&aacute;y xuất xưởng. Tuy vậy, gi&aacute; linh kiện cao ở một số nơi c&oacute; thể đ&atilde; ảnh hưởng đến lượng PC được giao tới tay kh&aacute;ch h&agrave;ng.</p>\r\n\r\n<p>&nbsp;</p>\r\n', 2, 1, 1, 1),
(16, ' Hà Thu đoạt giải vàng Trang phục biển tại Miss Earth 2017', 'ha-thu-doat-giai-vang-trang-phuc-bien-tai-miss-earth-2017', 'Đại diện Việt Nam tại cuộc thi sắc đẹp Miss Earth (Hoa hậu Trái đất) năm nay đang có khởi đầu khả quan. ', 'img/upload/ha-thu-doat-giai-vang-trang-phuc-bien-tai-miss-earth-2017.jpg', '2017-10-13 09:53:51', 1, '<p>Tối 13/10, H&agrave; Thu, đại diện Việt Nam đ&atilde; đoạt huy chương v&agrave;ng trong đ&ecirc;m tranh t&agrave;i phần thi phụ Trang phục dạo biển Hoa hậu Tr&aacute;i đất 2017 (Miss Earth 2017). Ở nh&oacute;m thứ ba, b&ecirc;n cạnh H&agrave; Thu, người đẹp Mỹ đoạt huy chương bạc c&ograve;n huy chương đồng trao cho đại diện Ukraine.</p>\r\n\r\n<p>Với kết quả n&agrave;y, H&agrave; Thu nằm trong Top th&iacute; sinh nổi bật tại Miss Earth 2017. Trong bảng thống k&ecirc; huy chương, đại diện Việt Nam hiện c&oacute; th&agrave;nh t&iacute;ch tốt nhất với hai giải - một v&agrave;ng, một bạc sau hai phần thi phụ. Trước đ&oacute;, c&ocirc; nhận giải đồng ở phần thi T&agrave;i năng với ca kh&uacute;c Colors of the Wind.</p>\r\n\r\n<p>C&ugrave;ng với H&agrave; Thu c&ograve;n c&oacute; đại diện Philippines, Ai Cập, Peru, Honduras, Cameroon, đảo Cook, Anh đ&atilde; c&oacute; huy chương.</p>\r\n\r\n<p>Th&agrave;nh t&iacute;ch của H&agrave; Thu khiến cư d&acirc;n mạng li&ecirc;n tưởng đến Nam Em tại đấu trường Miss Earth 2016. Nam Em nhờ You Raise Me Up đ&atilde; gi&agrave;nh giải bạc phần thi T&agrave;i năng. Ngo&agrave;i ra Nam Em c&ograve;n nhận th&ecirc;m giải v&agrave;ng ở phần thi phụ kh&aacute;c. Đ&ecirc;m chung kết, do trục trặc ở phần ứng xử, đại diện Việt Nam đ&agrave;nh dừng ch&acirc;n ở Top 8.</p>\r\n\r\n<p>Chung kết Miss Earth 2017 diễn ra v&agrave;o ng&agrave;y 4/11 tới, tổ chức tại Manila (Philippines). Năm nay, cuộc thi quy tụ 87 ứng vi&ecirc;n tr&ecirc;n to&agrave;n thế giới.</p>\r\n\r\n<p>Chuy&ecirc;n trang sắc đẹp Missosology đ&aacute;nh gi&aacute; H&agrave; Thu đứng trước cơ hội lớn c&oacute; t&ecirc;n trong Top 10 th&iacute; sinh c&oacute; khả năng đăng quang, c&ugrave;ng với Th&aacute;i Lan, Colombia, H&agrave; Lan, Venezuela, Panama, Puerto Rico.</p>\r\n', 4, 0, 1, 1),
(11, ' Gần 650 golfer dự giải đấu có tổng giải thưởng 20 tỷ đồng', 'gan-650-golfer-du-giai-dau-co-tong-giai-thuong-20-ty-dong', 'Sáng 14/10, Danko Golf Championship 2017 khai mạc tại Sầm Sơn (Thanh Hóa) với sự tham dự của gần 650 golfer ở 4 bảng đấu. ', 'img/upload/gan-650-golfer-du-giai-dau-co-tong-giai-thuong-20-ty-dong.JPG', '2017-10-13 09:31:49', 1, '<p>Giải c&oacute; tổng giải thưởng l&ecirc;n tới 20 tỷ đồng, trong đ&oacute; c&oacute; 8 chiếc xe hơi d&agrave;nh cho c&aacute;c golf thủ may mắn thực hiện th&agrave;nh c&ocirc;ng c&uacute; hole in one. Giải được chia th&agrave;nh 4 bảng A - B - C - D, trong đ&oacute; bảng D l&agrave; bảng d&agrave;nh cho nữ, mỗi bảng c&oacute; 5 bộ c&uacute;p Nhất - Nh&igrave; - Ba - C&uacute;p kỹ thuật - Best Gross.</p>\r\n\r\n<p>Giải đấu n&agrave;y sẽ lần đầu ti&ecirc;n được ph&aacute;t trực tiếp với c&ocirc;ng nghệ livestream tr&ecirc;n mạng x&atilde; hội Facebook v&agrave; Youtube. Đ&acirc;y l&agrave; bước đi mới trong c&ocirc;ng t&aacute;c tổ chức c&aacute;c giải golf nghiệp dư tại Việt Nam.</p>\r\n\r\n<p>Ph&oacute; TGĐ C&ocirc;ng ty Biscom ki&ecirc;m ph&oacute; ban tổ chức giải Nhữ Văn Hoan n&oacute;i về bước tiến n&agrave;y: &ldquo;C&aacute;c golf thủ đang thi đấu c&oacute; thể theo d&otilde;i kết quả của họ cũng như c&aacute;c c&aacute;c đối thủ của m&igrave;nh thi đấu ra sao, từ đ&oacute; họ c&oacute; những chiến thuật cho ri&ecirc;ng m&igrave;nh trong mỗi hố golf. Điều n&agrave;y cũng sẽ gi&uacute;p hạn chế những ti&ecirc;u cực, tạo ra sự c&ocirc;ng bằng hơn cho mọi golfer&rdquo;.</p>\r\n\r\n<p>Con số 650 golfer dự giải cũng nằm ngo&agrave;i kỳ vọng của ban tổ chức khi đ&acirc;y mới l&agrave; giải tổ chức lần đầu ti&ecirc;n. Trưởng ban tổ chức Đ&agrave;m Quốc Hiệp n&oacute;i: &ldquo;Ch&uacute;ng t&ocirc;i kỳ vọng v&agrave; đầu tư nhiều t&acirc;m huyết v&agrave;o giải đấu với hy vọng sẽ mang lại một s&acirc;n chơi hấp dẫn, bổ &iacute;ch v&agrave; l&yacute; th&uacute; cho c&aacute;c golf thủ đến từ nhiều nơi&rdquo;.</p>\r\n\r\n<p>Ngo&agrave;i 8 chiếc xe hơi cho giải hole in one ở c&aacute;c hố 3, 7, 11 v&agrave; 16, ban tổ chức c&ograve;n trao giải 10 triệu đồng c&ugrave;ng c&aacute;c voucher bất động sản cho c&aacute;c golfer ghi điểm Eagle, Albatross. Người gi&agrave;nh Best Gross sẽ được nhận C&uacute;p, 20 triệu đồng, voucher bất động sản c&ugrave;ng nhiều qu&agrave; tặng gi&aacute; trị kh&aacute;c. Giải sẽ kết th&uacute;c v&agrave;o ng&agrave;y 15/10.</p>\r\n', 3, 0, 1, 1),
(12, ' HLV Mourinho: MU tập trung cao nhất để thắng Liverpool', 'hlv-mourinho-mu-tap-trung-cao-nhat-de-thang-liverpool', 'Thầy trò huấn luyện viên Mourinho sẽ có trận đấu khó khăn khi phải làm khách đến sân Anfield của Liverpool lúc 18h30 hôm nay 14/10. ', 'img/upload/hlv-mourinho-mu-tap-trung-cao-nhat-de-thang-liverpool.jpg', '2017-10-13 09:35:29', 1, '<p>Sau cuộc chạm tr&aacute;n Liverpool, c&aacute;c cầu thủ MU phải h&agrave;nh qu&acirc;n đến s&acirc;n của Benfica. Nếu đ&aacute;nh bại đội b&oacute;ng Bồ Đ&agrave;o Nha, &quot;Quỷ đỏ&quot; Manchester gần như c&oacute; tấm v&eacute; v&agrave;o v&ograve;ng knock-out Champions League m&ugrave;a n&agrave;y. Tuy nhi&ecirc;n, HLV Mourinho lại coi trọng cuộc đối đầu Liverpool hơn trận gặp Benfica. &ldquo;Mục ti&ecirc;u của ch&uacute;ng t&ocirc;i l&agrave; gi&agrave;nh chiến thắng như bất cứ trận n&agrave;o tại Premier League. MU quyết t&acirc;m c&oacute; 3 điểm, nhưng Liverpool cũng muốn như vậy. Họ được chơi tr&ecirc;n s&acirc;n nh&agrave;. Ch&uacute;ng t&ocirc;i biết Liverpool thi đấu tốt khi chạm tr&aacute;n c&aacute;c đội b&oacute;ng nh&oacute;m đầu&rdquo;, HLV Mourinho thừa nhận.</p>\r\n\r\n<p>Theo đ&aacute;nh gi&aacute; của vị thuyền trưởng MU, mỗi trận đấu ở Premier League đều kh&oacute; khăn. Kể từ khi &ocirc;ng đến Anh l&agrave;m việc năm 2004, sau đ&oacute; rời Premier League rồi trở lại xứ sở sương m&ugrave;, r&otilde; r&agrave;ng c&aacute;c trận đấu ng&agrave;y c&agrave;ng l&agrave; thử th&aacute;ch lớn hơn.</p>\r\n\r\n<p>M&ugrave;a trước, khi lần đầu dẫn dắt đội chủ s&acirc;n Old Trafford, HLV Mourinho chỉ gi&uacute;p c&acirc;u lạc bộ kết th&uacute;c ở vị tr&iacute; thứ 6 với 69 điểm. Kết quả tr&ecirc;n cho thấy cuộc cạnh tranh ở Premier League rất khốc liệt. Tuy nhi&ecirc;n, MU vẫn gi&agrave;nh quyền dự Champions League với tư c&aacute;ch đội đương kim v&ocirc; địch Europa League.</p>\r\n\r\n<p>M&ugrave;a n&agrave;y, MU khởi đầu ấn tượng v&agrave; th&agrave;nh c&ocirc;ng hơn với th&agrave;nh t&iacute;ch bất bại khi thắng 6 v&agrave; h&ograve;a 1. &ldquo;Quỷ đỏ&rdquo; Manchester chỉ chịu xếp sau đội b&oacute;ng c&ugrave;ng th&agrave;nh phố l&agrave; Man City do k&eacute;m hiệu số b&agrave;n thắng bại (+19 so với +20).</p>\r\n\r\n<p>B&ecirc;n kia chiến tuyến, huấn luyện vi&ecirc;n Juergen Klopp cũng đặt mục ti&ecirc;u Liverpool phải c&oacute; 3 điểm để thu hẹp khoảng c&aacute;ch với nh&oacute;m đầu bảng. Nh&agrave; cầm qu&acirc;n người Đức cho rằng qu&aacute; sớm để n&oacute;i về cuộc đua v&ocirc; địch, bởi Premier League đang ở giai đoạn đầu m&ugrave;a. HLV Klopp tuy&ecirc;n bố: &ldquo;T&ocirc;i v&agrave; c&aacute;c cầu thủ sẵn s&agrave;ng tiếp đ&oacute;n MU ở Anfield&rdquo;.</p>\r\n', 3, 0, 1, 1);
INSERT INTO `tin` (`idTin`, `TieuDe`, `TieuDe_KhongDau`, `TomTat`, `urlHinh`, `Ngay`, `idUser`, `Content`, `idLT`, `SoLanXem`, `TinNoiBat`, `AnHien`) VALUES
(13, 'Mất Morata lẫn Kante, HLV Conte quát tháo học trò trên sân tập', 'mu-ap-dao-liverpool-o-doi-hinh-ket-hop-derby-nuoc-anh', 'The Football Republic mở cuộc bình chọn đội hình kết hợp giữa 2 đội bóng giàu truyền thống nhất xứ sở sương mù. Man Utd hoàn toàn áp đảo kình địch với 8/11 vị trí. ', '../../img/upload/mat-morata-lan-kante-hlv-conte-quat-thao-hoc-tro-tren-san-tap.jpg', '2017-10-13 09:40:27', 1, '<p>Trước thềm trận đấu với Crystal Palace, Chelsea chắc chắn sẽ kh&ocirc;ng c&oacute; sự phục vụ của hai cầu thủ quan trọng nhất l&agrave; Alvaro Morata v&agrave; N&#39;Golo Kante bởi chấn thương g&acirc;n kheo. Huấn luyện vi&ecirc;n Conte cho biết &ocirc;ng hy vọng Morata sẽ trở lại trong trận gặp Roma tại Champions League v&agrave;o ng&agrave;y 19/10, tuy nhi&ecirc;n t&igrave;nh h&igrave;nh của Kante lại nghi&ecirc;m trọng hơn nhiều.</p>\r\n\r\n<p>Ở v&ograve;ng đấu trước, Chelsea đ&atilde; phải nhận thất bại 0-1 trong cuộc tiếp đ&oacute;n Manchester City ngay tr&ecirc;n s&acirc;n nh&agrave; Stamford Bridge. Với kết quả n&agrave;y, nh&agrave; đương kim v&ocirc; địch tạm thời rơi xuống vị tr&iacute; thứ tư với 13 điểm, k&eacute;m 6 điểm so với hai đội dẫn đầu l&agrave; Man City v&agrave; Man United.</p>\r\n\r\n<p>Thủ th&agrave;nh Courtois thực hiện b&agrave;i tập phản xạ với quả b&oacute;ng tennis. Sau 7 trận kể từ đầu m&ugrave;a, thủ m&ocirc;n người Bỉ mới giữ sạch lưới 3 lần. Trung b&igrave;nh Courtois thực hiện 2 pha cứu thua/trận - một con số kh&ocirc;ng tồi nhưng sự thiếu chắc chắn của c&aacute;c đồng đội đứng tr&ecirc;n anh lại khiến cựu sao Atletico Madrid thường xuy&ecirc;n phải v&agrave;o lưới nhặt b&oacute;ng.</p>\r\n\r\n<p>Conte tỏ ra kh&aacute; nghi&ecirc;m khắc với c&aacute;c học tr&ograve; trong buổi tập trước trận gặp Palace. C&oacute; thể th&ocirc;ng cảm cho huấn luyện vi&ecirc;n người Italy bởi đội h&igrave;nh Chelsea l&uacute;c n&agrave;y đang sứt mẻ nghi&ecirc;m trọng khi mất cả Kante lẫn Morata. Trong buổi họp b&aacute;o, vị chiến lược gia người Italy đ&atilde; để ngỏ khả năng sử dụng c&aacute;c cầu thủ trẻ do thiếu hụt lực lượng.</p>\r\n\r\n<p>Sự c&oacute; mặt của Eden Hazard l&uacute;c n&agrave;y l&agrave; rất cần thiết cho Chelsea. Tiền vệ người Bỉ mới chỉ trở lại sau chấn thương v&agrave; chưa c&oacute; trận n&agrave;o được đ&aacute; trọn vẹn 90 ph&uacute;t tại Ngoại hạng Anh.</p>\r\n\r\n<p>Batshuayi lại l&agrave; một dấu hỏi lớn kh&aacute;c trước thềm trận đấu với Palace. Tr&ecirc;n l&yacute; thuyết th&igrave; &quot;Batman&quot; l&agrave; sự lựa chọn tối ưu khi Morata kh&ocirc;ng thể thi đấu, nhưng Conte lại c&oacute; vẻ kh&ocirc;ng nghĩ vậy. Ở trận gặp Man City, d&ugrave; ch&acirc;n s&uacute;t người T&acirc;y Ban Nha phải rời s&acirc;n từ rất sớm nhưng &ocirc;ng vẫn ki&ecirc;n quyết kh&ocirc;ng đưa Batshuayi v&agrave;o s&acirc;n cho tới những ph&uacute;t cuối c&ugrave;ng. Kể từ khi chuyển tới Chelsea, Michy Batshuayi thường xuy&ecirc;n phải chịu kiếp l&agrave;m nền, m&ugrave;a trước l&agrave; cho Costa v&agrave; b&acirc;y giờ l&agrave; cho Morata.</p>\r\n\r\n<p>Mất Kante, bộ đ&ocirc;i &quot;m&aacute;y ủi&quot; nơi tuyến giữa của Chelsea giờ chỉ c&ograve;n đ&uacute;ng Tiemoue Bakayoko. Nhiều khả năng cầu thủ người Ph&aacute;p sẽ được xếp đ&aacute; cặp c&ugrave;ng Cesc Fabregas ở trung t&acirc;m h&agrave;ng tiền vệ, trong đ&oacute; Bakayoko sẽ đ&oacute;ng vai tr&ograve; của một tiền vệ con thoi c&ograve;n Fabregas sẽ đảm nhận việc gắn kết lối chơi cũng như kiến tạo cho đồng đội.</p>\r\n\r\n<p>Christensen ch&iacute;nh l&agrave; điểm s&aacute;ng của The Blues ở m&ugrave;a giải n&agrave;y. Trở về Chelsea sau hai năm &quot;du học&quot; tại Monchengladbach, trung vệ người Đan Mạch đ&atilde; chơi cực tiến bộ v&agrave; th&iacute;ch nghi kh&aacute; nhanh với sơ đồ 3 hậu vệ m&agrave; Conte đang x&acirc;y dựng. Tuy nhi&ecirc;n, anh vẫn chưa chiếm được một vị tr&iacute; ch&iacute;nh thức bởi c&ograve;n đ&oacute; những David Luiz hay Gary Cahill.</p>\r\n\r\n<p>Charly Musonda (thứ hai b&ecirc;n phải) đang g&acirc;y b&atilde;o với những ph&aacute;t ng&ocirc;n nhắm v&agrave;o đội chủ quản. Đại &yacute; sao trẻ người Bỉ k&ecirc;u ca rằng anh đ&atilde; nỗ lực rất nhiều nhưng chẳng nhận lại được g&igrave;. Conte sau đ&oacute; cũng &quot;dằn mặt&quot; cậu học tr&ograve; bằng c&aacute;ch khuy&ecirc;n Musonda n&ecirc;n nỗ lực nhiều hơn tr&ecirc;n s&acirc;n thay v&igrave; k&ecirc;u than tr&ecirc;n mạng x&atilde; hội. &Ocirc;ng cũng khẳng định m&igrave;nh sẵn s&agrave;ng trao cơ hội cho c&aacute;c cầu thủ trẻ nếu họ chứng minh được m&igrave;nh đủ khả năng chen ch&acirc;n v&agrave;o đội h&igrave;nh ch&iacute;nh, giống như trường hợp của Paul Pogba tại Juventus.</p>\r\n', 3, 0, 1, 1),
(14, ' MU áp đảo Liverpool ở đội hình kết hợp derby nước Anh', 'mu-ap-dao-liverpool-o-doi-hinh-ket-hop-derby-nuoc-anh', 'The Football Republic mở cuộc bình chọn đội hình kết hợp giữa 2 đội bóng giàu truyền thống nhất xứ sở sương mù. Man Utd hoàn toàn áp đảo kình địch với 8/11 vị trí. ', 'img/upload/mu-ap-dao-liverpool-o-doi-hinh-ket-hop-derby-nuoc-anh.jpg', '2017-10-13 09:44:03', 1, '<p>Thủ m&ocirc;n David De Gea (Man Utd): Cả 2 thủ m&ocirc;n hiện tại của Liverpool l&agrave; Loris Karius v&agrave; Simon Mignolet đều kh&ocirc;ng thể so s&aacute;nh với De Gea cả về đẳng cấp lẫn sự ổn định.</p>\r\n\r\n<p>Hậu vệ Antonio Valencia (Man Utd): Ng&ocirc;i sao người Ecuador với nền tảng thể lực sung m&atilde;n đ&atilde; ho&agrave;n to&agrave;n chinh phục HLV Jose Mourinho ngay khi &ocirc;ng đặt ch&acirc;n đến Old Trafford. Kh&ocirc;ng chỉ ho&agrave;n th&agrave;nh tốt nhiệm vụ ph&ograve;ng ngự, Valencia c&ograve;n c&oacute; cho m&igrave;nh 1 si&ecirc;u phẩm v&agrave;o lưới Everton ở v&ograve;ng 5 Premier League.</p>\r\n\r\n<p>Hậu vệ Joel Matip (Liverpool): C&aacute;i t&ecirc;n đ&aacute;ng tin cậy duy nhất nơi h&agrave;ng ph&ograve;ng ngự &quot;The Kop&quot;. Cầu thủ người Cameroon gi&agrave;nh chiến thắng 70% những pha tranh chấp tay đ&ocirc;i v&agrave; đạt tỷ lệ chuyền ch&iacute;nh x&aacute;c 85%.</p>\r\n\r\n<p>Hậu vệ Eric Bailly (Man Utd): Sao trẻ người Bờ Biển Ng&agrave; l&agrave; sự lựa chọn bất di bất dịch ở h&agrave;ng thủ &quot;Quỷ đỏ&quot;. Mourinho chỉ cần quan t&acirc;m c&aacute;i t&ecirc;n n&agrave;o sẽ đ&aacute; cặp với Bailly ở trận đấu cuối tuần n&agrave;y.</p>\r\n\r\n<p>Hậu vệ Ashley Young (Man Utd): Tiền th&acirc;n l&agrave; một cầu thủ tấn c&ocirc;ng nhưng bằng sự cố gắng của m&igrave;nh, Young vẫn tỏa s&aacute;ng rực rỡ mỗi khi được trao cơ hội. Trong 3 lần cầu thủ người Anh xuất hiện tại Premier League m&ugrave;a n&agrave;y, MU đều gi&agrave;nh những chiến thắng gi&ograve;n gi&atilde;</p>\r\n\r\n<p>Tiền vệ Nemanja Matic (Man Utd): Người h&acirc;m mộ MU vẫn chưa hết l&acirc;ng l&acirc;ng khi đội b&oacute;ng con cưng chi&ecirc;u mộ th&agrave;nh c&ocirc;ng Matic từ Chelsea. &quot;M&aacute;y qu&eacute;t&quot; người Serbia sở hữu tỷ lệ tắc b&oacute;ng th&agrave;nh c&ocirc;ng 56% v&agrave; gi&uacute;p &quot;Quỷ đỏ&quot; gi&agrave;nh lại quyền kiểm so&aacute;t b&oacute;ng 56 lần kể từ đầu m&ugrave;a.</p>\r\n\r\n<p>Tiền vệ Ander Herrera (Man Utd): Cả Paul Pogba v&agrave; Fellaini đều d&iacute;nh chấn thương, c&aacute;i t&ecirc;n được Mourinho trao cơ hội ở chuyến h&agrave;nh qu&acirc;n đến Anfield nhiều khả năng sẽ l&agrave; Herrera. Nhiều khả năng &quot;Người đặc biệt&quot; sẽ lại cắt cử ri&ecirc;ng Herrera theo k&egrave;m Mohamed Salah giống như c&aacute;ch &ocirc;ng từng l&agrave;m để v&ocirc; hiệu h&oacute;a Eden Hazard m&ugrave;a giải trước.</p>\r\n\r\n<p>Tiền vệ c&ocirc;ng Philippe Coutinho (Liverpool): Ng&ocirc;i sao người Brazil đ&atilde; trở lại sau m&agrave;n &quot;đ&agrave;o tẩu&quot; bất th&agrave;nh đến Barcelona v&agrave; ngay lập tức để lại dấu ấn bằng 2 b&agrave;n thắng, 1 đường kiến tạo trong 3 trận gần nhất tại Premier League. David De Gea cũng sẽ đối mặt với thử th&aacute;ch kh&oacute; khăn trước khả năng s&uacute;t phạt &quot;thần sầu&quot; của ng&ocirc;i sao b&ecirc;n ph&iacute;a Liverpool.</p>\r\n\r\n<p>Chạy c&aacute;nh Mohamed Salah (Liverpool): Sau 7 trận đầu tại Premier League, ng&ocirc;i sao người Ai Cập đ&atilde; c&oacute; 4 b&agrave;n v&agrave; 1 đường kiến tạo. Người h&acirc;m mộ kỳ vọng Salah sẽ tiếp tục thi đấu thăng hoa sau khi gi&uacute;p đội tuyển qu&ecirc; nh&agrave; gi&agrave;nh v&eacute; dự World Cup 2018.</p>\r\n\r\n<p>Tiền đạo Romelu Lukaku (Man Utd): 7 b&agrave;n sau 7 trận, người h&acirc;m mộ kh&ocirc;ng thể mong chờ g&igrave; hơn ở bản hợp đồng trị gi&aacute; 75 triệu bảng. Khi c&ograve;n chơi cho Everton, Lukaku thường phải c&uacute;i đầu trước Liverpool nhưng giờ đ&acirc;y với tập thể Man Utd mạnh mẽ, ch&acirc;n s&uacute;t sinh năm 1993 đang khao kh&aacute;t đ&aacute;nh bại đối thủ kh&oacute; ưa v&ugrave;ng Merseyside.</p>\r\n\r\n<p>Chạy c&aacute;nh Anthony Martial (Man Utd): Kh&ocirc;ng thường xuy&ecirc;n đ&aacute; ch&iacute;nh nhưng sao trẻ người Ph&aacute;p đ&atilde; ghi đến 3 b&agrave;n v&agrave; thực hiện 2 đường kiến tạo tại Premier League năm nay.</p>\r\n', 3, 2, 1, 1),
(15, 'Liverpool vs MU: Giá trị mới trên nền tảng hận thù xưa cũ', 'liverpool-vs-mu-gia-tri-moi-tren-nen-tang-han-thu-xua-cu', 'Một chương nữa trong cuộc chiến Liverpool và MU sẽ được viết tiếp vào ngày 14/10. Giữa họ không có thù hận, nó trở thành chiến trường của sự căm ghét đến xương tủy.', 'img/upload/liverpool-vs-mu-gia-tri-moi-tren-nen-tang-han-thu-xua-cu.jpg', '2017-10-13 09:47:46', 1, '<p>Một đội b&oacute;ng lớn cần những địch thủ lớn để đ&aacute;nh bại, v&igrave; điều đ&oacute; khiến họ thấy vĩ đại hơn. Cảm gi&aacute;c ai đ&oacute; phải sợ sệt hoặc CLB n&agrave;y mạnh hơn kẻ kia trở th&agrave;nh một phần thi vị của thế giới b&oacute;ng đ&aacute;. Người Liverpool kh&ocirc;ng ưa MU v&agrave; ngược lại. Họ cần nhau, bởi mỗi đội đều muốn đối thủ nể sợ m&igrave;nh.</p>\r\n\r\n<p>Điều đ&oacute; tốt cho b&oacute;ng đ&aacute; bởi lẽ trở th&agrave;nh chất x&uacute;c t&aacute;c để k&eacute;o kh&aacute;n giả tới s&acirc;n. &quot;Ch&uacute;ng t&ocirc;i kh&ocirc;ng ưa nhau v&igrave; hai đội c&oacute; n&eacute;t g&igrave; đ&oacute; rất giống, từ m&agrave;u &aacute;o đến biệt danh. Rồi khi đại MU c&oacute; 20 chức v&ocirc; địch Premier League, c&ograve;n Liverpool chỉ c&oacute; 18, ch&uacute;ng t&ocirc;i lại căm gh&eacute;t họ th&ecirc;m&quot;, Dampney n&oacute;i.</p>\r\n\r\n<p>Đến từ Australia, James Dampney giữ vai tr&ograve; bi&ecirc;n tập vi&ecirc;n cho tạp ch&iacute; FourFourtwo. Anh rất h&acirc;m mộ Liverpool, từng c&oacute; mặt ở Anfield để theo d&otilde;i nhiều trận đấu của đội. Khi quan s&aacute;t MU đ&aacute; với Southampton (23/9), k&yacute; giả người Australia kh&ocirc;ng lấy g&igrave; l&agrave;m vui khi Romelu Lukaku ghi b&agrave;n</p>\r\n\r\n<p>C&acirc;u chuyện của James Dampney biểu trưng cho sự th&ugrave; hận đ&atilde; vượt ra khỏi nước Anh k&eacute;o d&agrave;i suốt một thế kỷ giữa Liverpool v&agrave; MU. Sự k&igrave;nh địch giữa hai CLB th&agrave;nh c&ocirc;ng nhất nước Anh trở th&agrave;nh một tập trong văn h&oacute;a b&oacute;ng đ&aacute; Anh. Kh&ocirc;ng CĐV n&agrave;o qu&ecirc;n được mối th&acirc;m th&ugrave; giữa hai &quot;Quỷ đỏ&quot;.</p>\r\n\r\n<p>Muốn biết cuộc đấu giữa Liverpool v&agrave; MU đi v&agrave;o lịch sử, trở th&agrave;nh truyền thống v&agrave; đạt tới &yacute; nghĩa văn h&oacute;a thế n&agrave;o, h&atilde;y hỏi Gary Neville. &quot;L&ograve;ng hận th&ugrave; giữa hai CLB giống như những tay mafia lu&ocirc;n muốn lấy đoạt mạng kẻ địch ở khu tội phạm Sicily (Italy)&quot;, cựu sao MU l&ecirc;n tiếng</p>\r\n\r\n<p>Cựu HLV Ron Atkinson d&ugrave;ng từ ngữ t&aacute;o bạo hơn, m&ocirc; tả kh&ocirc;ng kh&iacute; bước v&agrave;o Anfield cứ như &quot;chiến tranh Việt Nam&quot;. Đ&oacute; chưa phải tất cả. Huyền thoại Ryan Giggs d&iacute;nh cả c&uacute; n&eacute;m giấy v&agrave;o mặt do ch&iacute;nh CĐV Liverpool l&agrave;m, d&ugrave; ch&iacute;nh người n&agrave;y trước đ&oacute; chủ động xin chữ k&yacute; cựu sao MU trước.</p>\r\n\r\n<p>Nhưng kh&ocirc;ng n&oacute;i sẽ &iacute;t ai biết một nh&oacute;m cầu thủ MU v&agrave; Liverpool từng rất &quot;th&acirc;n thiết&quot;. Năm 1915, họ d&agrave;n xếp tỷ số để United kh&ocirc;ng bị rớt hạng. Đ&oacute; cũng trở th&agrave;nh lần duy nhất th&ugrave; hận giữa Liverpool v&agrave; MU tạm được g&aacute;c lại. C&ograve;n giờ, t&iacute;nh chất đối địch của trận derby nước Anh đ&atilde; l&ecirc;n một tầm mới.</p>\r\n', 3, 2, 1, 1),
(17, 'Minh Hằng từng muốn yêu người như Đức Trí và Trấn Thành', 'minh-hang-tung-muon-yeu-nguoi-nhu-duc-tri-va-tran-thanh', 'Nữ ca sĩ tiết lộ Trấn Thành, nhạc sĩ Đức Trí có nhiều điểm giống mẫu người đàn ông cô thích khi còn nhỏ. ', 'img/upload/minh-hang-tung-muon-yeu-nguoi-nhu-duc-tri-va-tran-thanh.jpg', '2017-10-13 09:56:35', 1, '<p>Kh&aacute;ch mời của chương tr&igrave;nh Chuyện tối nay với Th&agrave;nh ph&aacute;t s&oacute;ng tối 12/10 l&agrave; ca sĩ Minh Hằng. Mở m&agrave;n chương tr&igrave;nh nữ ca sĩ thể hiện bằng ca kh&uacute;c Anh từ đ&acirc;u (nhạc phim Bao giờ c&oacute; y&ecirc;u nhau) dưới sự d&agrave;n dựng của ban nhạc Đức Tr&iacute;.</p>\r\n\r\n<p>N&oacute;i về Minh Hằng người ta n&oacute;i về một c&ocirc; g&aacute;i th&agrave;nh đạt, xinh đẹp, t&agrave;i giỏi. Hiện, c&ocirc; đ&atilde; c&oacute; trong tay nh&agrave; cửa, xe cộ, t&ecirc;n tuổi, mọi thứ m&agrave; m&igrave;nh muốn. Trước nghi vấn cho rằng Minh Hằng c&oacute; hậu thuẫn mạnh, c&ocirc; phản ph&aacute;o: &ldquo;Nếu như lần đầu th&agrave;nh c&ocirc;ng th&igrave; l&agrave; do may mắn. Nhưng để giữ được tất cả đang thuộc về m&igrave;nh trong một thời gian d&agrave;i th&igrave; n&oacute; cần sự nỗ lực rất nhiều. Trong mỗi c&ocirc;ng việc, đối với người th&agrave;nh c&ocirc;ng th&igrave; phải lu&ocirc;n vận động, s&aacute;ng tạo. Hơn nữa, l&agrave;m nghệ thuật vốn kh&ocirc;ng phải dễ d&agrave;ng&rdquo;.</p>\r\n\r\n<p>Khi được hỏi về việc th&agrave;nh c&ocirc;ng qu&aacute; sớm dẫn đến nhiều &aacute;p lực m&agrave; c&ocirc; phải g&aacute;nh chịu, giọng ca xinh đẹp cho biết đ&ocirc;i l&uacute;c c&ocirc; bị mất phương hướng v&agrave; mất đi bản t&iacute;nh vốn c&oacute; của m&igrave;nh. Khi trải qua nhiều kh&oacute; khăn v&agrave; cố gắng n&iacute;u giữ th&agrave;nh c&ocirc;ng th&igrave; c&ocirc; c&agrave;ng trưởng th&agrave;nh hơn v&agrave; tất cả điều đ&oacute; lại trở th&agrave;nh kinh nghiệm qu&yacute; b&aacute;u cho bản th&acirc;n.</p>\r\n\r\n<p>Trước quan niệm người đ&agrave;n &ocirc;ng sẽ kh&oacute; giữ ch&acirc;n được những c&ocirc; g&aacute;i xinh đẹp, t&agrave;i giỏi, Minh Hằng chia sẻ: &ldquo;T&ocirc;i lại thấy như vậy c&agrave;ng hấp dẫn. V&agrave; người đ&agrave;n &ocirc;ng phải lu&ocirc;n nỗ lực v&igrave; c&ocirc; ấy, ở b&ecirc;n cạnh c&ocirc; ấy, phải chinh phục th&igrave; t&ocirc;i nghĩ t&igrave;nh y&ecirc;u đ&oacute; lại c&agrave;ng hấp dẫn v&agrave; th&uacute; vị hơn&rdquo;.</p>\r\n\r\n<p>Trong buổi tr&ograve; chuyện, Minh Hằng cũng n&oacute;i về mẫu đ&agrave;n &ocirc;ng của m&igrave;nh. C&ocirc; cho biết từ b&eacute; đ&atilde; ước mơ về người đ&agrave;n &ocirc;ng t&agrave;i hoa như Đức Tr&iacute;, l&atilde;ng mạn v&agrave; c&oacute; duy&ecirc;n như Trấn Th&agrave;nh. Nhưng m&agrave; c&agrave;ng lớn th&igrave; những ti&ecirc;u chuẩn đ&oacute; phai dần, hiện c&ocirc; cần một người đ&agrave;n &ocirc;ng điềm tĩnh, vững ch&atilde;i.</p>\r\n\r\n<p>Minh Hằng chia sẻ th&ecirc;m c&ocirc; từng bị quay lưng v&agrave; nếm những đau khổ ấy. Nhắc lại khoảng thời gian đ&oacute;, Minh Hằng cho biết c&ocirc; cũng kh&oacute;c rất nhiều, tự nhốt m&igrave;nh trong ph&ograve;ng, g&agrave;o kh&oacute;c đi&ecirc;n cuồng v&agrave; kh&ocirc;ng ăn uống.</p>\r\n', 4, 0, 1, 1),
(18, 'Hương Tràm lên tiếng về trang phục diễn bị chê phản cảm', 'huong-tram-len-tieng-ve-trang-phuc-dien-bi-che-phan-cam', 'Phía nữ ca sĩ \"Em gái mưa\" tin rằng đây chỉ là sự hiểu nhầm không đáng có do ánh sáng tại quán bar ở Đà Nẵng. ', '../../img/upload/huong-tram-len-tieng-ve-trang-phuc-dien-bi-che-phan-cam.jpg', '2017-10-13 09:58:55', 1, '<p>Đ&ecirc;m diễn của Hương Tr&agrave;m tại qu&aacute;n bar ở Đ&agrave; Nẵng tối 10/10 vừa khiến c&ocirc; trở th&agrave;nh nh&acirc;n vật g&acirc;y tranh c&atilde;i tr&ecirc;n mạng x&atilde; hội. Nhiều &yacute; kiến đ&aacute;nh gi&aacute; nữ ca sĩ trẻ đ&atilde; chọn trang phục phản cảm, kh&ocirc;ng ph&ugrave; hợp để biểu diễn tr&ecirc;n s&acirc;n khấu.</p>\r\n\r\n<p>Trả lời Zing.vn, đại diện ca sĩ Hương Tr&agrave;m cho biết &quot;cho&aacute;ng v&aacute;ng khi nh&igrave;n những h&igrave;nh ảnh bị chia sẻ tr&ecirc;n mạng c&ugrave;ng b&igrave;nh luận ti&ecirc;u cực từ cộng đồng mạng&quot;. Tuy nhi&ecirc;n, nữ ca sĩ Em g&aacute;i mưa khẳng định đ&acirc;y chỉ l&agrave; sự hiểu nhầm do hiệu ứng &aacute;nh s&aacute;ng tại qu&aacute;n bar.</p>\r\n\r\n<p>&quot;Ban đầu, kh&ocirc;ng chỉ Hương Tr&agrave;m m&agrave; cả &ecirc;-k&iacute;p đều cho&aacute;ng v&aacute;ng. Ngay sau đ&oacute;, ch&uacute;ng t&ocirc;i đều b&igrave;nh tĩnh khi tất cả chỉ l&agrave; sự hiểu nhầm&quot;, đại diện Hương Tr&agrave;m n&oacute;i.</p>\r\n\r\n<p>Nữ ca sĩ giải th&iacute;ch h&ocirc;m diễn tại Đ&agrave; Nẵng, c&ocirc; chọn trang phục tua rua với quần m&agrave;u nude d&agrave;y dặn. &quot;Hương Tr&agrave;m rất cẩn thận khi lựa chọn v&aacute;y biểu diễn trước khi tự tin xuất hiện tr&ecirc;n s&acirc;n khấu. Do &aacute;nh đ&egrave;n tại qu&aacute;n bar v&agrave; g&oacute;c m&aacute;y chụp n&ecirc;n đ&atilde; g&acirc;y ra sự tranh c&atilde;i kh&ocirc;ng đ&aacute;ng c&oacute;&quot;, đại diện Hương Tr&agrave;m cho biết th&ecirc;m.</p>\r\n\r\n<p>Qu&aacute;n qu&acirc;n The Voice 2012 khẳng định sau sự cố ba năm trước, c&ocirc; đ&atilde; thay đổi v&agrave; lu&ocirc;n cẩn trọng trong việc chọn trang phục biểu diễn.</p>\r\n\r\n<p>Hồi năm 2014, khi quyết định thay đổi h&igrave;nh tượng t&aacute;o bạo hơn, c&ocirc; thường xuy&ecirc;n g&acirc;y tranh c&atilde;i v&igrave; trang phục gợi cảm. Th&aacute;ng 10/2014, Hương Tr&agrave;m bị tu&yacute;t c&ograve;i v&igrave; v&aacute;y xuy&ecirc;n thấu khi h&aacute;t ở H&agrave; Nội. Sự cố khiến nữ ca sĩ bị phạt 10 triệu đồng v&agrave; cấm diễn trong 3 th&aacute;ng, qu&aacute;n bar tổ chức bị phạt hai triệu.</p>\r\n\r\n<p>Thời điểm đ&oacute;, nữ ca sĩ phải giải tr&igrave;nh với Sở Văn h&oacute;a Thể thao v&agrave; Du lịch H&agrave; Nội về trang phục diễn. Kh&ocirc;ng chỉ thế, c&ocirc; c&ograve;n gửi lời xin lỗi đến kh&aacute;n giả.</p>\r\n', 4, 0, 1, 1),
(19, 'Hà Thu giành huy chương đồng phần thi tài năng Miss Earth', 'ha-thu-gianh-huy-chuong-dong-phan-thi-tai-nang-miss-eart', 'Đây là thành tích đầu tiên của đại diện Việt Nam tại cuộc thi Hoa hậu Trái đất 2017. ', 'img/upload/ha-thu-gianh-huy-chuong-dong-phan-thi-tai-nang-miss-eart.jpg', '2017-10-13 10:02:20', 1, '<p>Cuộc thi Miss Earth (Hoa hậu Tr&aacute;i đất 2017) đang diễn ra tại Philippines. H&ocirc;m 11/10, c&aacute;c th&iacute; sinh được chia th&agrave;nh nh&oacute;m v&agrave; bước v&agrave;o phần thi phụ đầu ti&ecirc;n - thi năng khiếu. H&agrave; Thu thuộc nh&oacute;m 3, thi c&ugrave;ng người đẹp Ấn Độ, Malaysia, Croatia, Cook Islands...</p>\r\n\r\n<p>Vốn c&oacute; năng khiếu ca h&aacute;t, H&agrave; Thu khoe giọng trong ca kh&uacute;c Colors of the Wind của nhạc sĩ Alan Menken. Đại diện Việt Nam chia sẻ đ&acirc;y l&agrave; ca kh&uacute;c c&ocirc; thể hiện t&igrave;nh y&ecirc;u với mẹ Tr&aacute;i Đất.</p>\r\n\r\n<p>Trong khi đ&oacute;, c&aacute;c th&iacute; sinh kh&aacute;c thể hiện t&agrave;i năng khi&ecirc;u vũ, vẽ, h&ugrave;ng biện... Kết quả, H&agrave; Thu đoạt huy chương đồng. Huy chương v&agrave;ng được trao cho Hoa hậu Cyprus, huy chương bạc thuộc về người đẹp Cook Islands.</p>\r\n\r\n<p>Ban đầu H&agrave; Thu dự định mang bolero đến cuộc thi Hoa hậu Tr&aacute;i đất, nhưng c&ocirc; đ&atilde; thay đổi sau khi suy nghĩ kỹ. Người đẹp cho biết: &quot;Thu thật sự rất muốn mang bolero để giới thiệu đến bạn b&egrave; thế giới, nhưng t&ocirc;i nghĩ khi bước ra đấu trường nhan sắc quốc tế, việc thể hiện một ca kh&uacute;c tiếng Anh sẽ gi&uacute;p ban gi&aacute;m khảo hiểu r&otilde; hơn th&ocirc;ng điệp cũng như phần thi của m&igrave;nh. Khi chọn h&aacute;t b&agrave;i h&aacute;t nổi tiếng n&agrave;y, t&ocirc;i cũng muốn gửi gắm t&acirc;m tư, g&oacute;p một phần tiếng n&oacute;i v&agrave;o việc k&ecirc;u gọi bảo vệ m&ocirc;i trường&quot;.</p>\r\n\r\n<p>Cuộc thi Hoa hậu Tr&aacute;i đất 2017 mới ở giai đoạn đầu v&agrave; H&agrave; Thu đang g&acirc;y ấn tượng tốt. C&ocirc; được chuy&ecirc;n trang sắc đẹp Missosology xếp v&agrave;o nh&oacute;m th&iacute; sinh hot c&ugrave;ng đại diện của Panama, Th&aacute;i Lan, H&agrave; Lan, Venezuela, Mỹ, Puerto Rico...</p>\r\n\r\n<p>Miss Earth 2017 c&oacute; sự tham gia của 90 người đẹp đến từ c&aacute;c quốc gia v&agrave; v&ugrave;ng l&atilde;nh thổ. Chung kết cuộc thi diễn ra v&agrave;o ng&agrave;y 4/11 tại Manila, Philippines. Năm ngo&aacute;i, đại diện Việt Nam, Nam Em, đạt th&agrave;nh t&iacute;ch top 8.</p>\r\n', 4, 0, 1, 1),
(20, 'Mỹ Tâm làm cô giáo hướng dẫn học sinh nghèo', 'my-tam-lam-co-giao-huong-dan-hoc-sinh-ngheo', 'Chiều 13/10, ca sĩ Mỹ Tâm có chuyến trao quà cho hơn 200 trẻ em nghèo hiếu học tại trường tiểu học Hùng Vương (phường Trường Xuân, thành phố Tam Kỳ, tỉnh Quảng Nam). ', 'img/upload/my-tam-lam-co-giao-huong-dan-hoc-sinh-ngheo.jpg', '2017-10-13 10:07:59', 1, '<p>B&ecirc;n cạnh những tiết mục v&agrave; phần giao lưu h&agrave;i hước, d&iacute; dỏm, những lời chia sẻ giữa Mỹ T&acirc;m v&agrave; những học sinh khiếm thị đ&atilde; g&acirc;y x&uacute;c động cho những người c&oacute; mặt tại buổi trao qu&agrave;.</p>\r\n\r\n<p>Trước ho&agrave;n cảnh k&eacute;m may mắn v&agrave; trở ngại trước con đường học tập của c&aacute;c em, nữ ca sĩ đ&atilde; động vi&ecirc;n để gi&uacute;p c&aacute;c em c&oacute; th&ecirc;m động lực đến trường.</p>\r\n\r\n<p>Sự xuất hiện của giọng ca Họa mi t&oacute;c n&acirc;u l&agrave;m kh&ocirc;ng kh&iacute; trường tiểu học th&ecirc;m s&ocirc;i nổi. Ảnh: Mỹ Tin.</p>\r\n\r\n<p>C&ocirc; cho biết th&ecirc;m trong thời gian sắp tới, c&ocirc; v&agrave; quỹ từ thiện mang t&ecirc;n m&igrave;nh sẽ đẩy mạnh hơn nữa những hoạt động nhằm gi&uacute;p đỡ những trường hợp tương tự.</p>\r\n\r\n<p>Trước mắt c&ocirc; sẽ tập trung cho dự &aacute;n Soul Of Music với việc g&acirc;y quỹ từ hoạt động kinh doanh nhằm gi&uacute;p đỡ những trẻ em ngh&egrave;o hiếu học, c&oacute; niềm đam m&ecirc; trong &acirc;m nhạc.</p>\r\n\r\n<p>Ngo&agrave;i trao qu&agrave;, Mỹ T&acirc;m c&ograve;n bất ngờ đến thăm một lớp học. Tại đ&acirc;y, nữ ca sĩ trổ t&agrave;i giảng dạy, hướng dẫn c&aacute;c em thực hiện một số b&agrave;i tập trong s&aacute;ch gi&aacute;o khoa. C&ocirc; chia sẻ l&agrave;m gi&aacute;o vi&ecirc;n cũng l&agrave; ước muốn từ nhỏ của m&igrave;nh.</p>\r\n\r\n<p>Khi được c&aacute;c em nhỏ y&ecirc;u cầu, nữ ca sĩ thể hiện ngẫu hứng nhiều ca kh&uacute;c như T&igrave;nh qu&ecirc;, Điều tuyệt vời, Niềm tin chiến thắng... Ảnh: Mỹ Tin.</p>\r\n\r\n<p>Sau chuyến từ thiện, Mỹ T&acirc;m tiếp tục với lịch diễn v&agrave; những dự &aacute;n c&aacute; nh&acirc;n. Trước đ&oacute; v&agrave;i ng&agrave;y, c&ocirc; l&agrave;m người h&acirc;m mộ t&ograve; m&igrave; khi &uacute;p mở trang c&aacute; nh&acirc;n về một điều đặc biệt sẽ ra mắt v&agrave;o 9h ng&agrave;y 15/10.</p>\r\n\r\n<p>Kh&ocirc;ng &iacute;t fan dự đo&aacute;n về một sản phẩm &acirc;m nhạc đang sắp sửa ra mắt của giọng ca Đ&acirc;u chỉ ri&ecirc;ng em v&agrave;o thời điểm cuối năm.</p>\r\n', 4, 0, 1, 1),
(21, ' Con gái Thành Long cạo đầu, ăn bánh mỳ và ở trọ sau khi bỏ nhà', 'con-gai-thanh-long-cao-dau-an-banh-my-va-o-tro-sau-khi-bo-nha', 'Từ hình ảnh cô gái nhỏ được gọi là Tiểu Long Nữ, Ngô Trác Lâm đã thay đổi đến lạ lẫm. ', 'img/upload/con-gai-thanh-long-cao-dau-an-banh-my-va-o-tro-sau-khi-bo-nha.jpg', '2017-10-13 10:10:04', 1, '<p>Tờ Sina đưa tin b&eacute; Ng&ocirc; Tr&aacute;c L&acirc;m đ&atilde; bỏ nh&agrave;, ở trọ c&ugrave;ng bạn g&aacute;i từ ba th&aacute;ng nay. C&ocirc; b&eacute; 17 tuổi cũng cắt đứt li&ecirc;n lạc với mẹ. Nguồn tin từ tờ b&aacute;o cho biết con g&aacute;i Th&agrave;nh Long đ&atilde; bỏ học, đi l&agrave;m thu&ecirc;. C&ocirc; tỏ ra hạnh ph&uacute;c với cuộc sống &ldquo;nay đ&acirc;y mai đ&oacute;&rdquo; b&ecirc;n người y&ecirc;u đồng giới.</p>\r\n\r\n<p>&ldquo;C&ocirc; ấy chưa c&oacute; kinh nghiệm l&agrave;m việc n&ecirc;n đang thử th&aacute;ch vai tr&ograve; trợ l&yacute; chụp h&igrave;nh, quay phim. Thu nhập khoảng 15.000 HKD (khoảng 40 triệu đồng)&rdquo;, Sina tiết lộ. &Ocirc;ng chủ Tr&aacute;c L&acirc;m thừa nhận đ&atilde; để c&ocirc; l&agrave;m ở xưởng phim khoảng hai tuần nay. N&oacute;i về năng lực, &ocirc;ng đ&aacute;nh gi&aacute; Ng&ocirc; Tr&aacute;c L&acirc;m nhạy b&eacute;n trong nghệ thuật.</p>\r\n\r\n<p>&ldquo;Ng&agrave;y ng&agrave;y, Tr&aacute;c L&acirc;m di chuyển bằng t&agrave;u điện ngầm. C&ocirc; ấy kh&ocirc;ng c&oacute; nhiều tiền mặt trong người v&igrave; mới đi l&agrave;m. Tr&aacute;c L&acirc;m thường phải ăn b&aacute;nh mỳ qua bữa. C&ocirc; ấy c&ograve;n l&agrave; người nghiện thuốc l&aacute;&rdquo;, tờ b&aacute;o cho biết th&ecirc;m.</p>\r\n\r\n<p>Để tiện cho c&ocirc;ng việc, Ng&ocirc; Tr&aacute;c L&acirc;m cạo đầu giống đ&agrave;n &ocirc;ng. C&ocirc; cũng kh&ocirc;ng th&iacute;ch gọi l&agrave; con Th&agrave;nh Long.</p>\r\n\r\n<p>Ng&ocirc; Tr&aacute;c L&acirc;m năm nay 17 tuổi, l&agrave; kết quả sau cuộc t&igrave;nh ngắn ngủi của Th&agrave;nh Long - Ng&ocirc; Ỷ Lợi. Nam diễn vi&ecirc;n gạo cội kh&ocirc;ng thừa nhận con g&aacute;i. Đối với &ocirc;ng, Tr&aacute;c L&acirc;m l&agrave; &ldquo;hậu quả của kịch bản được d&agrave;n dựng&rdquo;. &Ocirc;ng tuy&ecirc;n bố kh&ocirc;ng để lại một xu cho con g&aacute;i trong di ch&uacute;c. Con gai Thanh Long cao dau, an banh my va o tro sau khi bo nha hinh anh 2 Ng&ocirc; Tr&aacute;c L&acirc;m thời c&ograve;n t&oacute;c d&agrave;i.</p>\r\n\r\n<p>Thời thơ ấu bị truyền th&ocirc;ng theo s&aacute;t, kh&ocirc;ng được cha thừa nhận, mẹ bất thường, Ng&ocirc; Tr&aacute;c L&acirc;m bị chẩn đo&aacute;n rối loạn t&acirc;m l&yacute;. Hồi th&aacute;ng 3, c&ocirc; nhập viện khi tự cứa cổ tay tự tử.</p>\r\n\r\n<p>H&ocirc;m 6/10, Ng&ocirc; Tr&aacute;c L&acirc;m c&ocirc;ng khai l&agrave; người đồng t&iacute;nh tr&ecirc;n trang c&aacute; nh&acirc;n đồng thời giới thiệu nửa kia l&agrave; một người mẫu khoảng 30 tuổi.</p>\r\n', 5, 0, 1, 1),
(22, 'Song Hye Kyo và Song Joong Ki sửa biệt thự triệu USD trước lễ cưới', 'song-hye-kyo-va-song-joong-ki-sua-biet-thu-trieu-usd-truoc-le-cuoi', 'Song Hye Kyo cùng Song Joong Ki đã tậu nhà sang tại khu Itaewon-dong, Seoul. Giá trị căn biệt thự vào khoảng 9 triệu USD. ', 'img/upload/song-hye-kyo-va-song-joong-ki-sua-biet-thu-trieu-usd-truoc-le-cuoi.jpg', '2017-10-13 10:11:59', 1, '<p>Sina đưa tin biệt thự tại Itaewon-dong, Seoul của Song Hye Kyo v&agrave; Song Joong Ki vừa ho&agrave;n th&agrave;nh sau v&agrave;i th&aacute;ng sửa chữa. Theo b&aacute;o n&agrave;y, biệt thự gồm hai tầng, một tầng hầm x&acirc;y dựng tr&ecirc;n diện t&iacute;ch 371,7 m2. Khu vực s&acirc;n vườn c&oacute; diện t&iacute;ch khoảng 250 m2.</p>\r\n\r\n<p>Korea Herald cho biết Song Joong Ki mua biệt thự hồi th&aacute;ng 1 ngay sau khi t&iacute;nh đến chuyện kết h&ocirc;n. Từ m&ugrave;a h&egrave; vừa rồi, cặp Song - Song b&iacute; mật tiến h&agrave;nh sửa chữa.</p>\r\n\r\n<p>&quot;Thiết kế biệt thự mang phong c&aacute;ch hiện đại, đơn giản, kh&ocirc;ng cầu kỳ trong từng chi tiết. X&aacute;m v&agrave; trắng l&agrave; hai t&ocirc;ng m&agrave;u chủ đạo. Điểm nhấn nữa l&agrave; khu vực c&acirc;y xanh ph&iacute;a b&ecirc;n ngo&agrave;i tạo sự ri&ecirc;ng tư cho gia chủ&quot;, tờ Sina mi&ecirc;u tả.</p>\r\n\r\n<p>Khi v&agrave;i ph&oacute;ng vi&ecirc;n Sina c&oacute; mặt tại khu nh&agrave;, những người l&acirc;n cận cho biết họ chỉ nghe đ&acirc;y l&agrave; nh&agrave; Song Joong Ki c&ugrave;ng Hye Kyo. Tuy nhi&ecirc;n, hai nghệ sĩ chưa dọn đến ở. &quot;Trước đ&acirc;y, Song Joong Ki thường xuy&ecirc;n đến kiểm tra tiến độ sửa chữa m&agrave; th&ocirc;i&quot;, người n&agrave;y n&oacute;i th&ecirc;m. Song Hye Kyo va Song Joong Ki sua biet thu trieu USD truoc le cuoi hinh anh 2 Tổ ấm xa hoa nhưng thiết kế đơn giản.</p>\r\n\r\n<p>Song Joong Ki v&agrave; Song Hye Kyo tổ chức lễ cưới v&agrave;o ng&agrave;y 31/10, tại kh&aacute;ch sạn Shilla. Họ nhận được sự ch&uacute;c ph&uacute;c từ kh&aacute;n giả sau th&agrave;nh c&ocirc;ng Hậu duệ mặt trời. Bạn b&egrave; hai nghệ sĩ tiết lộ cặp đ&ocirc;i đ&atilde; y&ecirc;u nhau từ trước khi đ&oacute;ng chung trong bộ phim truyền h&igrave;nh ăn kh&aacute;ch.</p>\r\n\r\n<p>Song Joong Ki c&ugrave;ng Song Hye Kyo l&ecirc;n kế hoạch tổ chức h&ocirc;n lễ từ đầu năm 2016. Nhưng họ kh&ocirc;ng c&ocirc;ng bố sớm v&igrave; muốn c&oacute; kh&ocirc;ng gian ri&ecirc;ng tư. Song Hye Kyo va Song Joong Ki sua biet thu trieu USD truoc le cuoi hinh anh 3 Họ đ&atilde; t&iacute;nh chuyện kết h&ocirc;n từ năm 2016. Ảnh: Osen.</p>\r\n\r\n<p>&quot;Năm 2016, ch&uacute;ng t&ocirc;i đ&atilde; hứa với nhau sẽ dắt tay nhau tr&ecirc;n con đường tương lai bằng sự hiểu nhau, đồng cảm, b&ecirc;n nhau trong những l&uacute;c kh&oacute; khăn nhất. T&ocirc;i sẽ ch&iacute;nh thức bước sang cuộc đời mới với Song Hye Kyo v&agrave;o ng&agrave;y cuối c&ugrave;ng của th&aacute;ng 10&quot;, Song Joong Ki trải l&ograve;ng.</p>\r\n', 5, 0, 1, 1),
(23, 'Bạn gái Luhan đang được tìm kiếm nhiều nhất Trung Quốc', 'ban-gai-luhan-dang-duoc-tim-kiem-nhieu-nhat-trung-quoc', 'Hẹn hò cùng Lộc Hàm (Luhan) - nam nghệ sĩ trẻ được yêu thích nhất Trung Quốc hiện nay - Quan Hiểu Đồng trở thành tên tuổi được tìm kiếm nhiều nhất trên các diễn đàn mạng. ', 'img/upload/ban-gai-luhan-dang-duoc-tim-kiem-nhieu-nhat-trung-quoc.jpg', '2017-10-13 10:15:16', 1, '<p>Quan Hiểu Đồng trở th&agrave;nh c&ocirc; g&aacute;i được t&igrave;m kiếm nhiều nhất tr&ecirc;n c&aacute;c trang mang x&atilde; hội Trung Quốc trong v&agrave;i ng&agrave;y qua sau khi c&ocirc; v&agrave; nam diễn vi&ecirc;n Luhan x&aacute;c nhận hẹn h&ograve;. Bạn g&aacute;i Luhan sinh ng&agrave;y 17/9/1997 tại Bắc Kinh. C&ocirc; l&agrave; hậu duệ người d&acirc;n tộc M&atilde;n - d&acirc;n tộc l&agrave;m chủ vương triều phong kiến cuối c&ugrave;ng của Trung Quốc.</p>\r\n\r\n<p>Nữ diễn vi&ecirc;n sinh trưởng trong một gia đ&igrave;nh danh gi&aacute; c&oacute; 3 đời l&agrave;m nghệ thuật. &Ocirc;ng nội c&ocirc; l&agrave; Quang Học Tăng, nghệ sĩ loại h&igrave;nh nghệ thuật Cầm thư nổi tiếng. &Ocirc;ng đồng thời l&agrave; người s&aacute;ng lập ra nghệ thuật Cầm thư ở Bắc Kinh. Cha c&ocirc; l&agrave; nghệ sĩ s&acirc;n khấu chuy&ecirc;n nghiệp Quan Thiếu Tăng, mẹ l&agrave; diễn vi&ecirc;n kịch n&oacute;i,</p>\r\n\r\n<p>Từ năm l&ecirc;n 4 tuổi Quan Hiểu Đồng đ&atilde; theo cha tới phim trường v&agrave; được tạo điều kiện xuất hiện trong bộ phim đầu ti&ecirc;n mang t&ecirc;n Y&ecirc;n Hải Ph&ugrave; Trầm v&agrave;o năm 2001. Sau sự xuất hiện tr&ecirc;n m&agrave;n ảnh n&agrave;y, Quan Hiểu Đồng tiếp tục tham gia nhiều t&aacute;c phẩm kh&aacute;c.</p>\r\n\r\n<p>Con đường nghệ thuật của nữ diễn vi&ecirc;n bắt đầu rộng mở khi c&ocirc; v&agrave;o vai Tiểu Khuynh Th&agrave;nh trong t&aacute;c phẩm V&ocirc; Cực của đạo diễn Trần Khải Ca v&agrave;o năm 2005. Từ bộ phim n&agrave;y, Quan HIểu Đồng trở th&agrave;nh diễn vi&ecirc;n nh&iacute; nổi tiếng bậc nhất Trung Quốc. Kh&aacute;n giả lu&ocirc;n y&ecirc;u qu&yacute; c&ocirc; v&igrave; vẻ ngo&agrave;i xinh đẹp với đ&ocirc;i mắt to tr&ograve;n, nụ cười rạng rỡ c&ugrave;ng diễn xuất c&oacute; hồn.</p>\r\n\r\n<p>Ở tuổi 20, Quan Hiểu Đồng đ&atilde; tham gia hơn 100 bộ phim, gi&agrave;nh được nhiều giải thưởng trong nước v&agrave; quốc tế. C&aacute;c vai diễn đ&aacute;ng ch&uacute; &yacute; của c&ocirc; c&oacute; thể kể đến Chu Đ&igrave;nh Đ&igrave;nh (Mật Chiến), S&agrave;i Y&ecirc;n (Qu&aacute;i Hiệp Nhất Chi Mai), T&ocirc; T&acirc;y (Đường Sơn Đại Địa Chấn), B&agrave;nh Giai H&ograve;a (Người Đ&agrave;n &Ocirc;ng Tốt), Gia &Aacute; Hy (Hi&ecirc;n Vi&ecirc;n Kiếm)...</p>\r\n\r\n<p>Được gia đ&igrave;nh tạo điều kiện theo đuổi nghệ thuật từ khi c&ograve;n nhỏ, nữ diễn vi&ecirc;n c&ograve;n th&ocirc;ng thạo piano v&agrave; m&uacute;a. Th&aacute;ng 6/2016, tại kỳ thi năng khiếu Học viện điện ảnh Bắc Kinh Quan Hiểu Đồng đạt 552 điểm cho kỹ năng m&uacute;a v&agrave; diễn xuất của m&igrave;nh. Với th&agrave;nh t&iacute;ch n&agrave;y, nữ diễn vi&ecirc;n trở th&agrave;nh thủ khoa đầu v&agrave;o m&ocirc;n năng khiếu đồng thời hơn sở hữu số điểm cao hơn điểm s&agrave;n của c&aacute;c trường nghệ thuật tự do 206 điểm. Sau khi vượt qua tiếp kỳ thi văn h&oacute;a v&agrave;o th&aacute;ng 7/2016, Quan Hiểu Đồng ch&iacute;nh thức nhập học ng&ocirc;i trường nghệ thuật danh gi&aacute; h&agrave;ng đầu Trung Quốc.</p>\r\n\r\n<p>Với kết quả đầu v&agrave;o xuất sắc, Quan Hiểu Đồng vinh dự thay mặt t&acirc;n sinh vi&ecirc;n ph&aacute;t biểu tại lễ nhập học Học viện Điện ảnh Bắc Kinh. C&ocirc; được khen ngợi v&igrave; c&oacute; thể duy tr&igrave; th&agrave;nh t&iacute;ch học tập tốt khi vẫn tham gia đ&oacute;ng phim trong nhiều năm. Người d&acirc;n Trung Quốc ưu &aacute;i gọi c&ocirc; bằng biệt danh &quot;Quốc d&acirc;n khu&ecirc; nữ&quot; - c&ocirc; con g&aacute;i quốc d&acirc;n.</p>\r\n\r\n<p>Nữ diễn vi&ecirc;n 20 tuổi c&ograve;n được xếp v&agrave;o &quot;tiểu hoa đ&aacute;n&quot; c&ugrave;ng Trịnh Sảng, Ch&acirc;u Đ&ocirc;ng Vũ. Với những th&agrave;nh t&iacute;ch về nghệ thuật c&ocirc; đ&atilde; gi&agrave;nh được, c&ocirc;ng ch&uacute;ng kỳ vọng Quan Hiểu Đồng trong tương lai c&oacute; thể tiếp bước c&aacute;c đ&agrave;n chị trở th&agrave;nh một &quot;Hoa đ&aacute;n&quot; của nền điện ảnh Trung Hoa.</p>\r\n\r\n<p>&quot;Bạn g&aacute;i Luhan&quot; nhiều lần b&agrave;y tỏ dự định ho&agrave;n th&agrave;nh xuất sắc chương tr&igrave;nh học tại ng&ocirc;i trường đại học danh gi&aacute; v&agrave; trau dồi chuy&ecirc;n m&ocirc;n để trở th&agrave;nh diễn vi&ecirc;n thực lực trong tương lai. C&ocirc; quyết t&acirc;m theo đuổi nghề diễn một c&aacute;ch nghi&ecirc;m t&uacute;c d&ugrave; phải đ&aacute;nh đổi tuổi thơ v&agrave; niềm vui b&ecirc;n gia đ&igrave;nh. Nữ diễn vi&ecirc;n trẻ chia sẻ: &quot;Sau rạng rỡ tr&ecirc;n s&acirc;n khấu đều l&agrave; lao động vất vả&quot;.</p>\r\n', 5, 0, 1, 1),
(24, ' Nam người mẫu Hàn Quốc tự tử ở tuổi 22', 'nam-nguoi-mau-han-quoc-tu-tu-o-tuoi-22', 'Người mẫu Lee Ui Soo đã qua đời ngày 6/10. Nguyên nhân dẫn đến cái chết được xác định là tự tử. ', 'img/upload/nam-nguoi-mau-han-quoc-tu-tu-o-tuoi-22.jpg', '2017-10-13 10:17:00', 1, '<p>&nbsp;</p>\r\n\r\n<p>Rạng s&aacute;ng 8/10 (giờ địa phương), c&ocirc;ng ty ESteem Entertainment (trực thuộc SM) x&aacute;c nhận người mẫu Lee Ui Soo qua đời ở tuổi 22. Nguy&ecirc;n nh&acirc;n dẫn đến c&aacute;i chết của nam người mẫu được x&aacute;c định l&agrave; tự tử.</p>\r\n\r\n<p>&nbsp;</p>\r\n\r\n<p>ESteem Entertainment đưa ra th&ocirc;ng b&aacute;o ch&iacute;nh thức: &quot;Ch&uacute;ng t&ocirc;i xin gửi lời chia buồn trước sự ra đi đột ngột n&agrave;y. Đến giờ, ch&uacute;ng t&ocirc;i vẫn cảm thấy rất b&agrave;ng ho&agrave;ng. Đ&uacute;ng l&agrave; anh ấy đ&atilde; tự kết liễu cuộc đời của m&igrave;nh, tuy nhi&ecirc;n, ch&uacute;ng t&ocirc;i đang tiếp tục t&igrave;m hiểu nguy&ecirc;n nh&acirc;n chi tiết. Gia đ&igrave;nh anh ấy b&agrave;y tỏ mong muốn thực hiện đ&aacute;m tang một c&aacute;ch lặng lẽ. Xin h&atilde;y cầu nguyện để anh ấy y&ecirc;n nghỉ&quot;. Nam nguoi mau Han Quoc tu tu o tuoi 22 hinh anh 1 Nam người mẫu ki&ecirc;m DJ Lee Ui Soo.</p>\r\n\r\n<p>Trước đ&oacute;, ng&agrave;y 7/10, anh trai của Lee Ui Soo bất ngờ th&ocirc;ng b&aacute;o việc em trai qua đời tr&ecirc;n mạng x&atilde; hội. Tr&ecirc;n trang c&aacute; nh&acirc;n, anh viết: &quot;Em trai duy nhất của t&ocirc;i, Lee Ui Soo đ&atilde; qua đời v&agrave;o 6/10/2017. T&ocirc;i tin rằng em ấy đ&atilde; l&agrave;m tốt c&ocirc;ng việc của một người mẫu v&agrave; DJ, chắc hẳn thằng b&eacute; đ&atilde; gặp rất nhiều kh&oacute; khăn khi quyết định như vậy&quot;.</p>\r\n\r\n<p>Anh trai Lee Ui Soo cũng chia sẻ: &quot;Ng&agrave;y mai, 8/10, l&uacute;c 14h, ch&uacute;ng t&ocirc;i sẽ nhận được giấy tờ li&ecirc;n quan đến vụ việc từ văn ph&ograve;ng cảnh s&aacute;t Yongsan, Seoul. Sau đ&oacute;, gia đ&igrave;nh sẽ đặt quan t&agrave;i của em ấy tại nh&agrave; tang lễ, nơi ch&uacute;ng t&ocirc;i d&agrave;nh một ng&agrave;y cuối c&ugrave;ng ở b&ecirc;n v&agrave; cầu nguyện cho em. Mọi th&ocirc;ng tin sẽ trở n&ecirc;n r&otilde; r&agrave;ng hơn khi cuộc điều tra c&oacute; kết quả, nhưng xin h&atilde;y cầu nguyện để Ui Soo của ch&uacute;ng t&ocirc;i đi đến một nơi tốt đẹp hơn&quot;.</p>\r\n\r\n<p>Lee Ui Soo sinh ng&agrave;y 10/6/1995 v&agrave; hoạt động trong c&ocirc;ng ty đ&agrave;o tạo người mẫu ESteem Entertainment. Anh l&agrave; bạn th&acirc;n của V, th&agrave;nh vi&ecirc;n nh&oacute;m nhạc BTS. Cả 2 nhiều lần ủng hộ c&aacute;c hoạt động của nhau th&ocirc;ng qua mạng x&atilde; hội.</p>\r\n', 5, 1, 1, 1),
(25, ' Nhan sắc không tỳ vết của mỹ nhân có nụ cười đẹp nhất Hàn Quốc', 'nhan-sac-khong-ty-vet-cua-my-nhan-co-nu-cuoi-dep-nhat-han-quoc', 'Han Hyo Joo được mệnh danh là mỹ nhân đẹp nhất Hàn Quốc với sắc đẹp không tỳ vết cùng nụ cười luôn tỏa sáng trên môi. ', 'img/upload/nhan-sac-khong-ty-vet-cua-my-nhan-co-nu-cuoi-dep-nhat-han-quoc.jpg', '2017-10-15 05:32:30', 1, '<p>Trong một sự kiện từ thiện ng&agrave;y 26/9, sự xuất hiện của nữ diễn vi&ecirc;n Han Hyo Joo đ&atilde; thu h&uacute;t sự ch&uacute; &yacute; của truyền th&ocirc;ng v&agrave; c&ocirc;ng ch&uacute;ng. Naver ca ngợi mỹ nh&acirc;n sở hữu &quot;nụ cười đẹp nhất H&agrave;n Quốc&quot; l&agrave; đẹp kh&ocirc;ng tỳ vết.</p>\r\n\r\n<p><img alt=\"nhan-sac-khong-ty-vet-cua-my-nhan-co-nu-cuoi-dep-nhat-han-quoc-2\" src=\"img/upload/images/saochaua/nhan-sac-khong-ty-vet-cua-my-nhan-co-nu-cuoi-dep-nhat-han-quoc-2.jpg\" style=\"width:500px\" /></p>\r\n\r\n<p>Han Hyo Joo sinh năm 1987. Khởi nghiệp từ năm 2003, c&ocirc; sở hữu vẻ đẹp chuẩn mực v&agrave; khả năng h&oacute;a th&acirc;n v&agrave;o c&aacute;c vai diễn c&oacute; t&iacute;nh c&aacute;ch kh&aacute;c nhau rất &quot;ngọt&quot;. M&aacute;i t&oacute;c ngắn b&ugrave; x&ugrave; trong bộ phim Heaven&#39;s Postman (2009) kh&ocirc;ng hề l&agrave;m giảm sự xinh đẹp của Han Hyo Joo.</p>\r\n\r\n<p><img alt=\"nhan-sac-khong-ty-vet-cua-my-nhan-co-nu-cuoi-dep-nhat-han-quoc-3\" src=\"img/upload/images/saochaua/nhan-sac-khong-ty-vet-cua-my-nhan-co-nu-cuoi-dep-nhat-han-quoc-3.jpg\" style=\"width:500px\" /></p>\r\n\r\n<p>Người thừa kế s&aacute;ng gi&aacute; (2009) l&agrave; bộ phim gi&uacute;p t&ecirc;n tuổi Han Hyo Joo bật l&ecirc;n h&agrave;ng sao. Nụ cười tỏa nắng c&ugrave;ng t&iacute;nh c&aacute;ch mạnh mẽ, tươi s&aacute;ng của nh&acirc;n vật Go Eun Sung trong phim để lại ấn tượng mạnh cho kh&aacute;n giả.</p>\r\n\r\n<p>Vai diễn Choi Dong Yi trong bộ phim c&ugrave;ng t&ecirc;n năm 2010 đ&atilde; mang đến cho Han Hyo Joo biệt danh &quot;mỹ nh&acirc;n cổ trang&quot; v&igrave; vẻ đẹp được mi&ecirc;u tả bằng cụm từ &quot;tinh khiết&quot; khi h&oacute;a th&acirc;n v&agrave;o c&aacute;c nh&acirc;n vật cổ đại.</p>\r\n\r\n<p>V&agrave;o vai ho&agrave;ng hậu trong phim điện ảnh Masquerade (2012) hợp t&aacute;c c&ugrave;ng bạn diễn Lee Byung Hun, mỹ nh&acirc;n họ Han được nhiều người ưu &aacute;i gọi l&agrave; ho&agrave;ng hậu đẹp nhất lịch sử phim ảnh.</p>\r\n\r\n<p>Cắt t&oacute;c ngắn v&agrave; lột x&aacute;c khỏi h&igrave;nh tượng thục nữ hiền l&agrave;nh trong c&aacute;c bộ phim trước đ&oacute;, Han Hyo Joo trong Cold Eyes (2013) vẫn khiến kh&aacute;n giả ngắm nh&igrave;n kh&ocirc;ng rời mắt. Đ&acirc;y cũng l&agrave; vai diễn gi&uacute;p c&ocirc; gi&agrave;nh giải Nữ diễn vi&ecirc;n xuất sắc nhất, trở th&agrave;nh Ảnh hậu Rồng xanh năm 2013.</p>\r\n\r\n<p>C&#39;est si bon l&agrave; cụm từ tiếng Ph&aacute;p c&oacute; nghĩa l&agrave; &quot;n&agrave;ng thơ&quot;. Han Hyo Joo đ&atilde; h&oacute;a th&acirc;n trọn vẹn v&agrave;o vai diễn n&agrave;ng thơ Min Ja Young đẹp mơ m&agrave;ng từ &aacute;nh mắt đến nụ cười của bộ phim C&#39;est si bon (2015).</p>\r\n\r\n<p><img alt=\"nhan-sac-khong-ty-vet-cua-my-nhan-co-nu-cuoi-dep-nhat-han-quoc-4\" src=\"img/upload/images/saochaua/nhan-sac-khong-ty-vet-cua-my-nhan-co-nu-cuoi-dep-nhat-han-quoc-4.jpg\" style=\"width:500px\" /></p>\r\n\r\n<p>W - Two Worlds (2016) l&agrave; bộ phim truyền h&igrave;nh gần nhất Han Hyo Joo tham gia. Vai diễn n&agrave;ng Oh Yeon Joo c&ugrave;ng nụ cười rạng rỡ, diễn xuất thuyết phục trong phim đ&atilde; gi&uacute;p c&ocirc; &quot;gỡ gạc&quot; lại t&igrave;nh cảm của c&ocirc;ng ch&uacute;ng sau scandal trong qu&acirc;n ngũ của em trai.</p>\r\n\r\n<p><img alt=\"nhan-sac-khong-ty-vet-cua-my-nhan-co-nu-cuoi-dep-nhat-han-quoc-5\" src=\"img/upload/images/saochaua/nhan-sac-khong-ty-vet-cua-my-nhan-co-nu-cuoi-dep-nhat-han-quoc-5.jpg\" style=\"width:500px\" /></p>\r\n\r\n<p>Sắp tới Han Hyo Joo sẽ trở lại l&agrave;ng giải tr&iacute; với dự &aacute;n phim điện ảnh Golden Slumber hợp t&aacute;c c&ugrave;ng Kang Dong Won. Ngo&agrave;i ra c&ocirc; vừa ho&agrave;n th&agrave;nh bộ phim Inrang dự kiến ra rạp v&agrave;o năm 2018. Kh&aacute;n giả v&ocirc; c&ugrave;ng tr&ocirc;ng đợi m&agrave;n t&aacute;i xuất li&ecirc;n tiếp n&agrave;y Han Hyo Joo - một trong những mỹ nh&acirc;n đẹp nhất m&agrave;n ảnh H&agrave;n Quốc.</p>\r\n', 5, 5, 1, 1),
(26, 'Cách tự nhiên loại bỏ mảng ố trên răng', 'cach-tu-nhien-de-loai-bo-mang-o-tren-rang', 'Lạc sống: Nhai vụn một vài hạt lạc sống trong miệng, không cần nuốt, sau đó dùng các mảnh vụn làm kem đánh răng đặc biệt. Mẹo hay này sẽ giúp răng trắng bóng tự nhiên với nụ cười không tỳ vết.', 'img/upload/cach-tu-nhien-de-loai-bo-mang-o-tren-rang.jpg', '2017-10-13 10:27:56', 1, '<p>1. Lạc sống: Nhai vụn một v&agrave;i hạt lạc sống trong miệng, kh&ocirc;ng cần nuốt, sau đ&oacute; d&ugrave;ng c&aacute;c mảnh vụn l&agrave;m kem đ&aacute;nh răng đặc biệt. Mẹo hay n&agrave;y sẽ gi&uacute;p răng trắng b&oacute;ng tự nhi&ecirc;n với nụ cười kh&ocirc;ng tỳ vết.</p>\r\n\r\n<p>2. Muối: Pha lo&atilde;ng muối với nước tinh khiết, d&ugrave;ng s&uacute;c miệng h&agrave;ng ng&agrave;y. Nước muối sẽ l&agrave; s&aacute;t thủ của mọi loại vi khuẩn trong khoang miệng. Muối mặn c&ograve;n gi&uacute;p giảm đau răng, s&acirc;u răng v&agrave; ngăn ngừa sự h&igrave;nh th&agrave;nh, ph&aacute;t triển của cao răng.</p>\r\n\r\n<p>3. Ch&agrave; x&aacute;t bằng baking soda: Một trong những nguy&ecirc;n liệu kh&ocirc;ng thể bỏ qua khi muốn loại bỏ vết ố v&agrave;ng tr&ecirc;n răng đ&oacute; ch&iacute;nh l&agrave; baking soda. Loại nguy&ecirc;n liệu n&agrave;y c&oacute; t&aacute;c dụng tẩy trắng, l&agrave;m sạch c&aacute;c mảng b&aacute;m tr&ecirc;n th&acirc;n răng v&agrave; ti&ecirc;u diệt vi khuẩn. Bạn chỉ cần sử dụng ng&oacute;n tay chấm một &iacute;t baking soda v&agrave; ch&agrave; x&aacute;t l&ecirc;n h&agrave;m răng trong v&agrave;i ph&uacute;t rồi s&uacute;c miệng sạch với nước m&aacute;t</p>\r\n\r\n<p>4. Hỗn hợp baking soda v&agrave; nước chanh: Để tăng khả năng tẩy trắng, bạn c&oacute; thể kết hợp giữa baking soda với nước chanh. Khuấy đều 1 th&igrave;a baking soda với 1 th&igrave;a nước chanh rồi sử dụng ch&uacute;ng để ch&agrave; x&aacute;t nhiều lần l&ecirc;n h&agrave;m răng h&agrave;ng ng&agrave;y sẽ nhanh ch&oacute;ng loại bỏ vết ố v&agrave;ng tr&ecirc;n th&acirc;n răng.</p>\r\n\r\n<p>5. Ngậm nước chanh muối: Muối v&agrave; chất axit tự nhi&ecirc;n của nước chanh c&oacute; thể gi&uacute;p h&agrave;m răng loại bỏ tạp chất v&agrave; mảng b&aacute;m dễ d&agrave;ng hơn. Trộn 1 th&igrave;a muối với 1 th&igrave;a nước chanh rồi đặt v&agrave;o h&agrave;m răng v&agrave; ngậm trong v&agrave;i ph&uacute;t, sau đ&oacute; s&uacute;c miệng sạch với nước lọc. Thường xuy&ecirc;n thực hiện theo c&aacute;ch n&agrave;y để &ldquo;đ&aacute;nh bay&rdquo; c&aacute;c mảng ố v&agrave;ng tr&ecirc;n th&acirc;n răng</p>\r\n\r\n<p>6. Ch&agrave; x&aacute;t bằng vỏ cam: Vỏ cam cũng l&agrave; một loại nguy&ecirc;n liệu thường thấy khi n&oacute;i đến c&ocirc;ng dụng l&agrave;m sạch h&agrave;m răng. Sử dụng phần b&ecirc;n trong của vỏ cam để ch&agrave; x&aacute;t thường xuy&ecirc;n l&ecirc;n h&agrave;m răng rồi s&uacute;c miệng sạch l&acirc;u dần cũng sẽ gi&uacute;p h&agrave;m răng loại bỏ c&aacute;c vết ố v&agrave;ng hiệu quả</p>\r\n\r\n<p>7. Vỏ chuối: C&ugrave;ng với vỏ cam th&igrave; vỏ chuối cũng c&oacute; t&aacute;c dụng tương tự. Sử dụng phần trong của vỏ chuối ch&agrave; x&aacute;t l&ecirc;n h&agrave;m trăng 4 &ndash; 5 ph&uacute;t, sau đ&oacute; thực hiện bước đ&aacute;nh răng như thường lệ. Thực hiện 4 lần trong tuần, bạn sẽ nhận thấy sự mờ dần c&aacute;c vết ố v&agrave;ng tr&ecirc;n th&acirc;n răng</p>\r\n\r\n<p>8. L&aacute; bạc h&agrave;: L&aacute; bạc h&agrave; kh&ocirc;ng chỉ l&agrave;m sạch th&acirc;n răng m&agrave; c&ograve;n c&oacute; t&aacute;c dụng khử sạch m&ugrave;i h&ocirc;i v&agrave; đem đến hương vị thơm tho cho khoang miệng. Nghiền nhỏ l&aacute; bạc h&agrave; rồi trộn với &iacute;t muối, sau đ&oacute; sử dụng ch&uacute;ng ch&agrave; x&aacute;t bằng ng&oacute;n tay trong v&agrave;i ph&uacute;t v&agrave; s&uacute;c miệng sạch với nước ấm</p>\r\n\r\n<p>9. Nhai rau bina (cải b&oacute; x&ocirc;i): Rau bina tuy cứng, nhưng những th&agrave;nh phần dinh dưỡng, chất xơ v&agrave; axit c&oacute; trong rau sẽ t&aacute;c động l&agrave;m cho c&aacute;c mảng b&aacute;m tr&ecirc;n th&acirc;n răng dễ d&agrave;ng được l&agrave;m sạch. V&igrave; vậy, nếu bạn nhai rau bina thường xuy&ecirc;n cũng sẽ gi&uacute;p h&agrave;m răng từng bước được l&agrave;m sạch v&agrave; loại bỏ c&aacute;c vết ố v&agrave;ng</p>\r\n\r\n<p>10. D&acirc;u t&acirc;y: Trong c&aacute;c loại tr&aacute;i c&acirc;y th&igrave; d&acirc;u t&acirc;y vẫn l&agrave; một nguy&ecirc;n liệu tự nhi&ecirc;n c&oacute; t&iacute;nh tẩy trắng cho h&agrave;m răng hiệu quả. Nghiền nhỏ v&agrave;i quả d&acirc;u t&acirc;y, sau đ&oacute; ch&agrave; x&aacute;t l&ecirc;n h&agrave;m răng, để ch&uacute;ng trong v&agrave;i ph&uacute;t rồi sử dụng b&agrave;n chải để đ&aacute;nh răng v&agrave; l&agrave;m sạch ch&uacute;ng. (Đừng để d&acirc;u t&acirc;y lưu lại tr&ecirc;n th&acirc;n răng qu&aacute; l&acirc;u v&igrave; những chất axit của ch&uacute;ng c&oacute; thể g&acirc;y hại men răng)</p>\r\n', 7, 0, 1, 1);
INSERT INTO `tin` (`idTin`, `TieuDe`, `TieuDe_KhongDau`, `TomTat`, `urlHinh`, `Ngay`, `idUser`, `Content`, `idLT`, `SoLanXem`, `TinNoiBat`, `AnHien`) VALUES
(27, 'Bốn bước giúp bạn tút lại nhan sắc sau một tuần mỏi mệt ', '4-buoc-giup-ban-tut-lai-nhan-sac-sau-mot-tuan-met-moi', 'Bạn cảm thấy rất may mắn khi cuối cùng cũng sống sót qua một tuần ngập ngụa trong sổ sách giấy tờ, những đêm trắng và những buổi sáng vật vờ thiếu ngủ. Hôm nay bạn thức dậy trong một niềm hân hoan, trong tiếng chim hót và ánh nắng ấm áp lan tỏa khắp căn phòng. ', 'img/upload/4-buoc-giup-ban-tut-lai-nhan-sac-sau-mot-tuan-met-moi.jpg', '2017-10-13 10:31:20', 1, '<p>Bạn bước xuống giường, vươn vai, h&iacute;t một hơi thật s&acirc;u v&agrave; tự nhủ, tất cả đ&atilde; ổn rồi. Bạn bước v&agrave;o ph&ograve;ng tắm, nh&igrave;n m&igrave;nh trong gương v&agrave; h&eacute;t l&ecirc;n một tiếng thất thanh. H&igrave;nh ảnh bạn l&uacute;c n&agrave;y kh&ocirc;ng kh&aacute;c&hellip; ma c&agrave; rồng l&agrave; mấy: đ&ocirc;i mắt đỏ ngầu, quầng mắt s&acirc;u, da x&aacute;m xịt, lỗ ch&acirc;n l&ocirc;ng nở to v&agrave; lấm tấm mụn. L&uacute;c n&agrave;y, những việc bạn cần l&agrave;m ngay lập tức để giải tho&aacute;t mớ b&ograve;ng bong c&ograve;n vươn tr&ecirc;n từng tế b&agrave;o của m&igrave;nh l&agrave;:</p>\r\n\r\n<p>&nbsp;</p>\r\n\r\n<p><strong>1.Tẩy tế b&agrave;o chết, đắp mặt nạ</strong></p>\r\n\r\n<p>&nbsp;</p>\r\n\r\n<p>Lớp tế b&agrave;o tr&ecirc;n bề mặt ngo&agrave;i c&ugrave;ng của l&agrave;n da l&agrave; nơi phải hứng chịu nhiều nhất những t&aacute;c động từ b&ecirc;n ngo&agrave;i, ch&uacute;ng cũng lu&ocirc;n cần được thay mới.</p>\r\n\r\n<p>Khi bạn v&igrave; qu&aacute; mệt mỏi m&agrave; bỏ qu&ecirc;n ch&uacute;ng, c&aacute;c lớp bụi bẩn sẽ đ&oacute;ng lại tr&ecirc;n lớp sừng v&agrave; khiến ch&uacute;ng trở th&agrave;nh một lớp mặt nạ da chết lỳ lợm v&agrave; cứng đầu. Đ&oacute; l&agrave; nguy&ecirc;n nh&acirc;n khiến l&agrave;n da kh&ocirc;, r&aacute;p, nhiều mụn ẩn. Việc tẩy tế b&agrave;o chết sẽ phần n&agrave;o loại bỏ được lớp &ldquo;mặt nạ&rdquo; cũ v&agrave; mang lại cho bạn một lớp da mới tươi s&aacute;ng hơn.</p>\r\n\r\n<p>Sau khi tẩy da chết l&agrave; khoảng thời gian l&yacute; tưởng nhất để đắp c&aacute;c loại mặt nạ dưỡng ẩm. Bạn c&oacute; thể lục trong bếp để t&igrave;m ra loại mặt nạ ph&ugrave; hợp với m&igrave;nh.</p>\r\n\r\n<p>Đ&oacute; c&oacute; thể l&agrave; dưa leo, c&agrave; chua, c&oacute; thể l&agrave; l&ograve;ng trắng trứng g&agrave; gi&uacute;p t&aacute;i tạo v&agrave; l&agrave;m s&aacute;ng da. Hoặc kh&ocirc;ng, những chiếc mặt nạ giấy lu&ocirc;n chứa đựng nguồn tinh chất dồi d&agrave;o độ ẩm để &ldquo;cấp cứu&rdquo; nhanh ch&oacute;ng cho l&agrave;n da.</p>\r\n\r\n<p><strong>2. Giảm &aacute;p lực cho mắt</strong></p>\r\n\r\n<p>Bạn đ&atilde; ngủ một giấc đầy tr&agrave;n nhưng vẫn thấy đ&ocirc;i mắt nặng nề? Bạn đ&atilde; chườm khăn lạnh l&ecirc;n quầng th&acirc;m nhưng vẫn kh&ocirc;ng thấy đỡ t&igrave;nh trạng &ldquo;mắt gấu panda&rdquo;? Mắt bạn vẫn sụp v&agrave; bạn lu&ocirc;n thấy mệt mỏi?</p>\r\n\r\n<p>Trong l&uacute;c n&agrave;y, bạn c&oacute; thể chọn giữa việc đắp mặt nạ cho mắt bằng t&uacute;i lọc tr&agrave; hoặc d&ugrave;ng c&aacute;c sản phẩm l&agrave;m dịu, x&oacute;a tan bọng v&agrave; quầng th&acirc;m cho mắt.</p>\r\n\r\n<p>Bạn c&ograve;n c&oacute; thể massage đ&ocirc;i mắt của m&igrave;nh. D&ugrave;ng hai ng&oacute;n tay trỏ v&agrave; ng&oacute;n giữa, nhắm mắt v&agrave; massage nhẹ theo đường v&ograve;ng tr&ograve;n.</p>\r\n\r\n<p>Khi bạn cảm thấy thoải m&aacute;i đ&ocirc;i ch&uacute;t, h&atilde;y xoa theo chiều ngược lại. Sau đ&oacute; massage từ th&aacute;i dương xuống quầng mắt bằng ng&oacute;n c&aacute;i, xoa đều tay tạo sức n&oacute;ng để m&aacute;u huyết được lưu th&ocirc;ng.</p>\r\n\r\n<p><strong>3. Detox cơ thể</strong></p>\r\n\r\n<p>70% cơ thể ch&uacute;ng ta l&agrave; nước. Vậy chuyện g&igrave; sẽ xảy ra nếu cơ thể bạn chỉ c&ograve;n 60% l&agrave; nước, hoặc tệ hơn, 50% l&agrave; nước? Những chuyển biến phức tạp b&ecirc;n trong cơ thể bạn sẽ kh&ocirc;ng nhận ra, chỉ khi mọi thứ bắt đầu b&ugrave;ng ph&aacute;t mới trở n&ecirc;n tệ thật tệ.</p>\r\n\r\n<p>Da mặt v&agrave; m&ocirc;i sẽ kh&ocirc; r&aacute;p, mất đi sự đ&agrave;n hồi n&ecirc;n dễ h&igrave;nh th&agrave;nh c&aacute;c nếp nhăn, c&aacute;c b&oacute; cơ trở n&ecirc;n lỏng lẻo, bạn dễ mất tập trung v&agrave; thấy bồn chồn. Chưa kể bạn h&atilde;y nhớ lại xem, trong suốt tuần qua bạn đ&atilde; ăn những g&igrave;? Thức ăn nhanh, mỳ g&oacute;i, b&aacute;nh mỳ&hellip; to&agrave;n những m&oacute;n t&iacute;ch mỡ, r&uacute;t nước của cơ thể bạn v&agrave; khiến bạn bị nặng bụng.</p>\r\n\r\n<p>Việc cấp nước cho da chỉ l&agrave; việc tức thời, việc quan trọng nhất l&agrave; cấp nước cho cơ thể. Bạn c&oacute; thể l&agrave;m những chai nước detox với tr&aacute;i c&acirc;y tươi để uống dần, hoặc l&agrave;m sinh tố tr&aacute;i c&acirc;y, hoặc nấu một nồi canh ngon l&agrave;nh để nh&acirc;m nhi.</p>\r\n\r\n<p><strong>4. Dọn dẹp v&agrave; vận động nhẹ</strong></p>\r\n\r\n<p>&nbsp;</p>\r\n\r\n<p>Suốt một tuần gần như bạn chỉ ngồi tr&ecirc;n xe v&agrave; trước m&aacute;y vi t&iacute;nh, ng&agrave;y h&ocirc;m nay bạn n&ecirc;n đứng l&ecirc;n ngồi xuống, hoạt động nhiều hơn bằng c&aacute;ch giặt, phơi đồ, qu&eacute;t dọn, loại bỏ r&aacute;c t&iacute;ch trữ, nấu một bữa ăn ngon v&agrave; thưởng thức ch&uacute;ng.</p>\r\n\r\n<p>Hết một ng&agrave;y lại l&agrave; l&uacute;c bạn trao cho cơ thể một giấc ngủ ngon l&agrave;nh. Chắc chắn ng&agrave;y mai khi thức dậy, bạn sẽ kh&ocirc;ng c&ograve;n nh&igrave;n thấy h&igrave;nh ảnh &ldquo;ma c&agrave; rồng&rdquo; trong gương nữa. Sẽ lại l&agrave; ch&iacute;nh bạn, một c&ocirc; g&aacute;i da s&aacute;ng, m&aacute; hồng, m&ocirc;i đỏ c&ugrave;ng nụ cười rạng rỡ ch&agrave;o đ&oacute;n một tuần mới</p>\r\n', 7, 1, 1, 1),
(28, '9 bài thuốc tự nhiên bằng rau hẹ giúp tăng bản lĩnh đàn ông', '9-bai-thuoc-tu-nhien-bang-rau-nhe-giup-tang-ban-linh-dan-ong', 'Rau hẹ được biết đến và sử dụng như một loại thực phẩm, rau thơm quen thuộc trong chế biến món ăn hàng ngày, nhất là trở thành gia vị không thể thiếu tạo nên hương vị đặc trưng cho nhiều món ăn', 'img/upload/9-bai-thuoc-tu-nhien-bang-rau-nhe-giup-tang-ban-linh-dan-ong.jpg', '2017-10-13 10:32:28', 1, '<p><strong>B&agrave;i 1: L&aacute; hẹ tươi gi&atilde; lấy nước</strong></p>\r\n\r\n<p>Lấy 1 nắm l&aacute; hẹ tươi (khoảng 1 nắm) đem rửa sạch rồi gi&atilde; lấy nước uống ng&agrave;y 2 lần. Ki&ecirc;n tr&igrave; thực hiện b&agrave;i thuốc n&agrave;y trong khoảng 1 tuần sẽ c&oacute; t&aacute;c dụng chữa di tinh, xuất tinh sớm, liệt dương hiệu quả.</p>\r\n\r\n<p><strong>B&agrave;i 2: L&aacute; hẹ x&agrave;o t&ocirc;m</strong></p>\r\n\r\n<p>Chuẩn bị: 200g l&aacute; hẹ, 300g t&ocirc;m</p>\r\n\r\n<p>C&aacute;ch l&agrave;m: L&aacute; hẹ nhặt những cọng tươi ngon đem rửa sạch v&agrave; cắt kh&uacute;c ngắn. T&ocirc;m lột vỏ, d&ugrave;ng dao khứa dọc sống lưng để lấy sợi chỉ đen ra, ướp với ch&uacute;t hạt n&ecirc;m, nước mắm khoảng 20 ph&uacute;t cho ngấm gia vị.</p>\r\n\r\n<p>Phi thơm h&agrave;nh tỏi bằm v&agrave; cho t&ocirc;m v&agrave;o x&agrave;o nhanh tay, khi t&ocirc;m săn lại v&agrave; chuyển sang m&agrave;u hồng th&igrave; cho tiếp l&aacute; hẹ v&agrave;o x&agrave;o, n&ecirc;m nếm lại cho vừa miệng. Bằng c&aacute;ch thường xuy&ecirc;n ăn m&oacute;n ăn từ l&aacute; hẹ x&agrave;o t&ocirc;m hoặc x&agrave;o lươn sẽ c&oacute; t&aacute;c dụng bồi bổ sức khỏe v&agrave; chữa xuất tinh sớm hữu hiệu.</p>\r\n\r\n<p><strong>B&agrave;i 3: B&ocirc;ng hẹ x&agrave;o thịt b&ograve;</strong></p>\r\n\r\n<p>Chuẩn bị: 300g b&ocirc;ng hẹ, 1,5 lạng thịt b&ograve; mềm, 1/2 củ h&agrave;nh t&acirc;y, tỏi băm, dầu h&agrave;o c&ugrave;ng c&aacute;c gia vị th&ocirc;ng dụng kh&aacute;c</p>\r\n\r\n<p>C&aacute;ch l&agrave;m: Thịt b&ograve; ướp với 1 &iacute;t dầu ăn, tỏi bằm, nước mắm v&agrave; hạt n&ecirc;m. B&ocirc;ng hẹ rửa sạch, cắt kh&uacute;c vừa ăn</p>\r\n\r\n<p>Bắc chảo l&ecirc;n bếp, cho ch&uacute;t dầu ăn v&agrave;o phi thơm tỏi rồi cho thịt b&ograve; v&agrave;o x&agrave;o nhanh tay tr&ecirc;n lửa lớn, thịt b&ograve; ch&iacute;n th&igrave; cho ra đĩa. Tiếp tục cho b&ocirc;ng hẹ v&agrave; h&agrave;nh t&acirc;y v&agrave;o x&agrave;o khoảng 3 ph&uacute;t, n&ecirc;m nếm gia vị cho vừa miệng rồi cho thịt b&ograve; v&agrave;o đảo chung. Dọn m&oacute;n ăn n&agrave;y ra đĩa rắc th&ecirc;m ch&uacute;t ti&ecirc;u v&agrave; ăn với cơm khi c&ograve;n n&oacute;ng. Ăn thường xuy&ecirc;n m&oacute;n n&agrave;y c&oacute; t&aacute;c dụng chữa xuất tinh sớm.</p>\r\n\r\n<p><strong>B&agrave;i 4: L&aacute; hẹ nấu đậu hũ non</strong></p>\r\n\r\n<p>Chuẩn bị: 3 miếng đậu hũ non, 200g l&aacute; hẹ, gia vị vừa đủ</p>\r\n\r\n<p>C&aacute;ch l&agrave;m: Đậu hũ non đem rửa nhẹ nh&agrave;ng cho sạch v&agrave; cắt th&agrave;nh những miếng h&igrave;nh vu&ocirc;ng vừa ăn.</p>\r\n\r\n<p>L&aacute; hẹ nhặt bỏ phần l&aacute; gi&agrave;, &uacute;a v&agrave; s&acirc;u rồi rửa cho thật sạch v&agrave; để r&aacute;o nước, cắt th&agrave;nh những kh&uacute;c ngắn d&agrave;i cỡ 3cm. Phi thơm h&agrave;nh băm với 1 &iacute;t dầu ăn v&agrave; cho lượng nước đủ ăn v&agrave;o nấu. Khi nước trong nồi bắt đầu s&ocirc;i th&igrave; thả đậu hũ non v&agrave;o nấu trước, n&ecirc;m ch&uacute;t nước mắm, hạt n&ecirc;m v&agrave; muối ăn cho vừa miệng. Nấu s&ocirc;i đậu hũ non khoảng 5 ph&uacute;t th&igrave; cho l&aacute; hẹ v&agrave;o, khi nước s&ocirc;i trở lại th&igrave; tắt bếp, rắc ch&uacute;t ti&ecirc;u cho thơm rồi ăn n&oacute;ng.</p>\r\n\r\n<p>Lưu &yacute;: Chỉ nấu l&aacute; hẹ vừa ch&iacute;n t&aacute;i, kh&ocirc;ng n&ecirc;n nấu qu&aacute; l&acirc;u sẽ l&agrave;m mất vị của l&aacute; hẹ. C&oacute; thể th&ecirc;m c&aacute;c nguy&ecirc;n liệu nấm rơm hoặc thịt bằm cho m&oacute;n ăn th&ecirc;m phong ph&uacute; v&agrave; tr&aacute;nh sự nh&agrave;m ch&aacute;n khi ăn thường xuy&ecirc;n.</p>\r\n\r\n<p><strong>B&agrave;i 5: L&aacute; hẹ x&agrave;o gan d&ecirc;</strong></p>\r\n\r\n<p>Nguy&ecirc;n liệu: Hẹ 100g; gan d&ecirc; 120g; gừng, muối, bột n&ecirc;m, với mỗi thứ vừa đủ.</p>\r\n\r\n<p>C&aacute;ch l&agrave;m: Hẹ nhặt sạch th&aacute;i đoạn, gan d&ecirc; lạng bỏ m&agrave;ng g&acirc;n, th&aacute;i l&aacute;t th&ecirc;m muối, bột n&ecirc;m để ướp.</p>\r\n\r\n<p>Bắc chảo l&ecirc;n bếp, đổ dầu khi n&oacute;ng, bỏ gan d&ecirc; v&agrave;o chảo x&agrave;o, đảo trong 1 ph&uacute;t th&igrave; th&ecirc;m hẹ, c&ugrave;ng x&agrave;o bằng lửa mạnh, sau c&ugrave;ng th&ecirc;m muối, bột n&ecirc;m rồi m&uacute;c ra đĩa.</p>\r\n\r\n<p><strong>B&agrave;i 6: Hẹ x&agrave;o lươn</strong></p>\r\n\r\n<p>Nguy&ecirc;n liệu: Hẹ 300 g, lươn 500 g, gia vị, gừng, tỏi, nước</p>\r\n\r\n<p>C&aacute;ch l&agrave;m: Lươn lọc bỏ xương, cắt kh&uacute;c, x&agrave;o qua, th&ecirc;m gia vị, gừng, tỏi v&agrave; nước. Khi nước cạn, cho 300 g rau hẹ cắt kh&uacute;c, x&agrave;o th&ecirc;m 5 ph&uacute;t. Ăn n&oacute;ng.</p>\r\n\r\n<p><strong>B&agrave;i 7: Ch&aacute;o hẹ</strong></p>\r\n\r\n<p>Hẹ 20 g, gạo 90 g, nấu ch&aacute;o ăn n&oacute;ng ng&agrave;y 2 lần.</p>\r\n\r\n<p><strong>B&agrave;i 8: Hẹ x&agrave;o hồ đ&agrave;o nhục</strong></p>\r\n\r\n<p>Hẹ 240 g, hồ đ&agrave;o nhục (quả &oacute;c ch&oacute;) 60 g, x&agrave;o với dầu vừng v&agrave; &iacute;t muối. Ăn ng&agrave;y 1 lần l&uacute;c đ&oacute;i hoặc v&agrave;o bữa cơm. D&ugrave;ng từ 2 tuần đến 1 th&aacute;ng.</p>\r\n\r\n<p><strong>B&agrave;i 9: Hạt hẹ ng&acirc;m</strong></p>\r\n\r\n<p>Hạt hẹ 20g, c&acirc;u kỷ 30 g, ba k&iacute;ch 15 g, hồng s&acirc;m 20 g, lộc nhung l&aacute;t 10 g, đường ph&egrave;n 200 g, rượu trắng 2.000 ml. Ng&acirc;m &iacute;t nhất nửa th&aacute;ng th&igrave; d&ugrave;ng được. Uống 30 ml v&agrave;o buổi tối, trước khi ngủ.</p>\r\n', 6, 1, 1, 1),
(29, 'Lý do thực sự khiến người Nhật Bản sống thọ nhất thế giới', 'ly-do-thuc-su-khien-nguoi-nhat-song-tho-nhat-the-gioi', 'Người Nhật Bản có thói quen thưởng thức trà xanh hoặc trái cây khi kết thúc bữa ăn thay vì các loại bánh ngọt chứa nhiều đường và chất béo. Nhờ vậy, người Nhật tiêu thụ trung bình 48.8g đường/ ngày, thấp hơn rất nhiều so với người Anh là 100.4g/ngày.', 'img/upload/ly-do-thuc-su-khien-nguoi-nhat-song-tho-nhat-the-gioi.jpg', '2017-10-13 10:34:02', 1, '<p><strong>1. Thực phẩm tr&aacute;ng miệng l&agrave;nh mạnh</strong></p>\r\n\r\n<p><strong>Người Nhật Bản</strong> c&oacute; th&oacute;i quen thưởng thức tr&agrave; xanh hoặc tr&aacute;i c&acirc;y khi kết th&uacute;c bữa ăn thay v&igrave; c&aacute;c loại b&aacute;nh ngọt chứa nhiều đường v&agrave; chất b&eacute;o. Nhờ vậy, người Nhật ti&ecirc;u thụ trung b&igrave;nh 48.8g đường/ ng&agrave;y, thấp hơn rất nhiều so với người Anh l&agrave; 100.4g/ng&agrave;y.</p>\r\n\r\n<p>T&aacute;c dụng của th&oacute;i quen ăn uống n&agrave;y gi&uacute;p kiểm so&aacute;t c&acirc;n nặng v&agrave; giảm nguy cơ mắc c&aacute;c bệnh như tiểu đường, tim mạch v&agrave; huyết &aacute;p cao.</p>\r\n\r\n<p><strong>2. Ăn rong biển mỗi ng&agrave;y</strong></p>\r\n\r\n<p>C&aacute;c chuy&ecirc;n gia đ&atilde; t&igrave;m ra mối li&ecirc;n kết giữa chất lượng sức khỏe v&agrave; tuổi thọ của Nhật Bản với chế độ ăn &iacute;t chất b&eacute;o, chứa nhiều rau củ quả. Đặc biệt, rong biển l&agrave; thực phẩm thường xuy&ecirc;n g&oacute;p mặt trong c&aacute;c <em>bữa ăn của người Nhật Bản.</em></p>\r\n\r\n<p>Rong biển chứa đầy đủ c&aacute;c chất chống oxy h&oacute;a hỗ trợ giảm c&acirc;n v&agrave; c&oacute; t&aacute;c dụng chống lại bệnh tật. Theo c&aacute;c nh&agrave; khoa học tại Đại học Newcastle đ&atilde; chỉ ra rằng, rong biển chứa hợp chất alginate c&oacute; t&aacute;c dụng giảm lượng chất b&eacute;o tới 75% nếu được ăn thường xuy&ecirc;n.</p>\r\n\r\n<p><strong>3. Kh&ocirc;ng ăn qu&aacute; no</strong></p>\r\n\r\n<p>Người d&acirc;n sống tr&ecirc;n h&ograve;n đảo Okinawa, Nhật Bản c&oacute; tuổi thọ trung b&igrave;nh cao tr&ecirc;n 100 tuổi. B&iacute; quyết được người d&acirc;n ở đ&acirc;y chia sẻ l&agrave; họ lu&ocirc;n ăn chậm v&agrave; dừng bữa trước khi cảm thấy no. Th&oacute;i quen n&agrave;y gi&uacute;p tr&igrave; ho&atilde;n việc nạp qu&aacute; nhiều thức ăn v&agrave;o cơ thể. C&aacute;c chuy&ecirc;n gia cho rằng, th&oacute;i quen n&agrave;y gi&uacute;p bảo vệ cơ thể khỏi nguy cơ b&eacute;o ph&igrave;, mắc bệnh tim mạch v&agrave; ung thư.</p>\r\n\r\n<p><strong>4. L&agrave; quốc gia ti&ecirc;u thụ c&aacute; nhiều nhất thế giới</strong></p>\r\n\r\n<p>Người Nhật ăn trung b&igrave;nh 80-100g c&aacute; mỗi ng&agrave;y. C&aacute; l&agrave; nguồn cung cấp axit b&eacute;o Omega-3 dồi d&agrave;o, 1 chất rất cần thiết cho sức khỏe của tim v&agrave; n&atilde;o bộ.</p>\r\n\r\n<p>1 nghi&ecirc;n cứu đ&atilde; chỉ ra rằng, tỉ lệ mắc bệnh tim mạch ở Nhật Bản v&agrave;o h&agrave;ng thấp nhất thế giới, c&oacute; t&aacute;c động kh&ocirc;ng nhỏ từ th&oacute;i quen ăn nhiều c&aacute; v&agrave; hải sản trong khẩu phần ăn. Nam giới ở nước n&agrave;y c&oacute; h&agrave;m lượng cholesterol thấp hơn nhiều so với Mỹ nhờ chế độ ăn nhiều c&aacute; c&oacute; t&aacute;c dụng bảo vệ cơ thể khỏi chứng tắc nghẽn động mạch.</p>\r\n\r\n<p>Muốn học theo th&oacute;i quen của người Nhật Bản, bạn c&oacute; thể ăn sushi v&agrave; dầu c&aacute; &iacute;t nhất 1 lần/tuần, tuy nhi&ecirc;n kh&ocirc;ng n&ecirc;n ăn qu&aacute; nhiều gia vị v&igrave; n&oacute; chứa h&agrave;m lượng muối rất cao, ảnh hưởng tới sức khỏe.</p>\r\n\r\n<p><strong>5. Thường xuy&ecirc;n đi bộ đến nơi l&agrave;m việc, trường học</strong></p>\r\n\r\n<p>Một trong những b&iacute; quyết lớn nhất trong việc n&acirc;ng cao sức khỏe của người Nhật l&agrave; đi bộ khoảng 30-60 ph&uacute;t mỗi ng&agrave;y. C&aacute;c nh&agrave; nghi&ecirc;n cứu Đại học Harvard đ&atilde; chỉ ra rằng, đi bộ nhanh trong 75 ph&uacute;t mỗi ng&agrave;y c&oacute; thể k&eacute;o d&agrave;i tuổi thọ của con người tới 2 năm.</p>\r\n\r\n<p>Để học theo th&oacute;i quen rất tốt n&agrave;y của người Nhật, bạn h&atilde;y hạn chế việc đi xe m&aacute;y, &ocirc; t&ocirc; bằng c&aacute;ch đi bộ đến trường học, cơ quan hoặc c&aacute;c điểm dừng xe bus.</p>\r\n\r\n<p><strong>6. Thường xuy&ecirc;n ăn thực phẩm muối chua l&ecirc;n men tự nhi&ecirc;n</strong></p>\r\n\r\n<p>C&aacute;c vi khuẩn c&oacute; lợi trong rau, dưa muối chua c&oacute; t&aacute;c dụng gi&uacute;p cơ thể dễ d&agrave;ng hấp thu chất dinh dưỡng trong n&oacute;, k&iacute;ch th&iacute;ch sự ph&aacute;t triển của c&aacute;c vi khuẩn tốt cho hệ ti&ecirc;u h&oacute;a. C&aacute;c nghi&ecirc;n cứu đ&atilde; chỉ ra rằng, c&aacute;c vi khuẩn c&oacute; lợi cho sức khỏe đường ruột c&oacute; t&aacute;c động tới 80% sức khỏe của hệ miễn dịch. Rau củ l&ecirc;n men cung cấp h&agrave;m lượng lớn vi khuẩn axit lactic được cho l&agrave; tốt nhất cho sức khỏe đường ruột.</p>\r\n\r\n<p><strong>7. Ăn nhiều thực phẩm chế biến từ đậu n&agrave;nh</strong></p>\r\n\r\n<p>Thật tuyệt vời khi phụ nữ Nhật Bản rất hiếm khi cảm thấy &ldquo;n&oacute;ng trong người&rdquo;, đặc biệt l&agrave; trong thời kỳ tiền m&atilde;n kinh. C&oacute; được điều n&agrave;y l&agrave; nhờ th&oacute;i quen ăn nhiều thực phẩm chứa đậu n&agrave;nh. Đậu n&agrave;nh chứa nhiều chất isoflavone c&oacute; t&aacute;c dụng k&iacute;ch th&iacute;ch sản sinh estrogen, loại hormone tự nhi&ecirc;n ở phụ nữ độ tuổi trung ni&ecirc;n.</p>\r\n\r\n<p>Melissa Melby, nh&agrave; nghi&ecirc;n cứu y khoa tại Đại học Delaware đ&atilde; chỉ ra kết quả nghi&ecirc;n cứu của m&igrave;nh về chế độ ăn uống của người Nhật, theo đ&oacute;, phụ nữ Nhật Bản ăn nhiều thực phẩm chế biến từ đậu n&agrave;nh từ khi c&ograve;n nhỏ. Người Nhật Bản ăn đậu phụ 2 lần/tuần c&ugrave;ng c&aacute;c loại gia vị l&agrave;m từ đậu n&agrave;nh l&ecirc;n men.</p>\r\n\r\n<p><strong>8. Kiểm tra sức khỏe định kỳ</strong></p>\r\n\r\n<p>Người d&acirc;n Nhật Bản được khuyến kh&iacute;ch kiểm tra sức khỏe định kỳ hằng năm, đ&acirc;y được coi l&agrave; quyền lợi bắt buộc đối với người trong độ tuổi lao động.</p>\r\n\r\n<p>Một nghi&ecirc;n cứu trong tạp ch&iacute; The Lancet đ&atilde; kết luận rằng, một l&yacute; do quan trọng để c&oacute; tuổi thọ trung b&igrave;nh cao top đầu thế giới của người Nhật Bản l&agrave; nhờ hệ thống chăm s&oacute;c sức khỏe cộng đồng, kh&aacute;m sức khoẻ miễn ph&iacute; hằng năm, v&agrave; &yacute; thức tự chăm s&oacute;c bản th&acirc;n của c&ocirc;ng d&acirc;n nước n&agrave;y.</p>\r\n', 6, 5, 1, 1),
(30, 'Phụ nữ đẹp thôi chưa đủ, muốn thành công phải thuộc những điều này', 'phu-nu-dep-thoi-chua-du-muon-thanh-cong-phai-thuoc-nhung-dieu-nay', 'Muôn đời nay, đàn ông thích những người phụ nữ đẹp. Nhưng vẻ đẹp như một món trang sức, chỉ làm cho bạn tỏa sáng hơn nhưng rồi sau một thời gian cũng lụi tàn. Phụ nữ hiện đại ngoài đẹp ra còn phải giỏi, phải thật thành công mới được nhiều người săn đón. Nếu muốn thành công, phụ nữ nhất định phải thuộc nằm lòng những điều này.', 'img/upload/phu-nu-dep-thoi-chua-du-muon-thanh-cong-phai-thuoc-nhung-dieu-nay.jpg', '2017-10-13 10:36:44', 1, '<p><strong>Phụ nữ cần đẹp nhưng c&agrave;ng phải c&oacute; kh&iacute; chất</strong></p>\r\n\r\n<p>&nbsp;</p>\r\n\r\n<p>&nbsp;</p>\r\n\r\n<p>C&oacute; những người phụ nữ thoạt nh&igrave;n kh&ocirc;ng c&oacute; g&igrave; nổi bật hay sở hữu n&eacute;t đẹp &#39;đại tr&agrave;&#39; nhưng c&agrave;ng tiếp x&uacute;c c&agrave;ng bị họ l&ocirc;i cuốn. Người ta thường n&oacute;i: &ldquo;Nếu bạn kh&ocirc;ng xinh đẹp, bạn phải thật th&ocirc;ng minh. Nếu bạn kh&ocirc;ng th&ocirc;ng minh, nhất định phải xinh đẹp. C&ograve;n kh&ocirc;ng c&oacute; cả hai đ&iacute;ch thị bạn l&agrave; kẻ v&ocirc; dụng&rdquo;.</p>\r\n\r\n<p>&nbsp;</p>\r\n\r\n<p><em>Đ&agrave;n b&agrave;</em> đừng bao giờ để người kh&aacute;c nghĩ bạn l&agrave; v&ocirc; dụng. Phụ nữ nhất định phải c&oacute; kh&iacute; chất, hiểu chuyện, hiểu đời v&agrave; biết đặt m&igrave;nh v&agrave;o vị tr&iacute; của người kh&aacute;c khi n&oacute;i chuyện. Bạn phải biết tự biến m&igrave;nh th&agrave;nh một con rắn đa m&agrave;u sắc, mềm mại, uyển chuyển khi cần v&agrave; phải thật sắc sảo, mạnh mẽ đ&uacute;ng l&uacute;c.</p>\r\n\r\n<p><strong>Đừng bao giờ c&oacute; suy nghĩ t&igrave;m đ&agrave;n &ocirc;ng nhiều tiền th&igrave; sẽ hưởng cuộc sống gi&agrave;u c&oacute;</strong></p>\r\n\r\n<p>Đ&agrave;n &ocirc;ng kiếm được nhiều tiền, c&oacute; đủ điều kiện đ&aacute;p ứng cho bạn tất tần tật những thứ bạn cần. Nhưng n&ecirc;n nhớ kh&ocirc;ng c&oacute; bữa ăn n&agrave;o l&agrave; miễn ph&iacute;, họ cho bạn th&igrave; cũng sẽ lấy lại bất cứ l&uacute;c n&agrave;o. Phụ nữ muốn th&agrave;nh c&ocirc;ng đừng bao giờ phụ thuộc v&agrave;o đồng tiền của đ&agrave;n &ocirc;ng.</p>\r\n\r\n<p>Bạn c&oacute; thể kh&ocirc;ng cần l&agrave;m b&agrave; n&agrave;y, b&agrave; nọ nhưng nhất định phải tự lập kinh tế. Phụ nữ c&oacute; tiền trong tay sẽ kh&ocirc;ng phải chịu bất cứ lời khinh miệt n&agrave;o của đ&agrave;n &ocirc;ng. Chỉ c&oacute; thế, khi họ rời xa bạn, bạn cũng c&oacute; thể tự đứng tr&ecirc;n đ&ocirc;i ch&acirc;n của m&igrave;nh v&agrave; sống thật tốt.</p>\r\n\r\n<p><strong>Cho d&ugrave; mất tất cả nhưng cũng kh&ocirc;ng được đ&aacute;nh mất nụ cười</strong></p>\r\n\r\n<p>&Ocirc;ng trời đặc biệt ban tặng cho người phụ nữ một nụ cười duy&ecirc;n để khỏa lấp những vết thương l&ograve;ng. V&igrave; thế bạn h&atilde;y cố gắng giữ g&igrave;n, kh&ocirc;ng được đ&aacute;nh mất n&oacute; để khi c&oacute; cay đắng tủi hờn như thế n&agrave;o cũng c&ograve;n nụ cười an ủi t&acirc;m hồn mong manh.</p>\r\n\r\n<p>Nụ cười quan trọng lắm, v&igrave; sau hết ch&uacute;ng ta sẽ chẳng c&ograve;n lại g&igrave; ngo&agrave;i những thứ vốn đ&atilde; l&agrave; bản chất. Bạn c&oacute; thể đ&aacute;nh mất một mối t&igrave;nh nhiều năm, hay tan vỡ h&ocirc;n nh&acirc;n nhưng rồi cũng phải mỉm cười thật tươi, đứng dậy v&agrave; bước tiếp tr&ecirc;n con đường ph&iacute;a trước. Th&agrave;nh c&ocirc;ng kh&ocirc;ng bao giờ đợi chờ những con người yếu đuối cứ m&atilde;i sống trong những ho&agrave;i niệm v&agrave; nỗi đau.</p>\r\n\r\n<p><strong>N&oacute;i &iacute;t l&agrave;m nhiều, vận động thay v&igrave; ngồi y&ecirc;n</strong></p>\r\n\r\n<p>Phụ nữ muốn th&agrave;nh c&ocirc;ng h&atilde;y đi ra ngo&agrave;i v&agrave; l&agrave;m những điều m&igrave;nh th&iacute;ch, l&ecirc;n kế hoạch cho tương lai. Đừng cố v&ugrave;i m&igrave;nh v&agrave;o những nỗi buồn v&ocirc; định trong bốn bức tường trống trải kia. Chỉ c&oacute; đi ra ngo&agrave;i, bạn mới biết c&oacute; nhiều thứ tốt đẹp hơn gấp trăm lần.</p>\r\n\r\n<p>B&ecirc;n cạnh đ&oacute;, những người phụ nữ th&agrave;nh c&ocirc;ng rất khi&ecirc;m tốn. Họ kh&ocirc;ng n&oacute;i nhiều m&agrave; d&ugrave;ng h&agrave;nh động để chứng minh cho mọi thứ. Đ&oacute; cũng l&agrave; một loại kh&iacute; chất gi&uacute;p phụ nữ c&agrave;ng trở n&ecirc;n nổi bật hơn.</p>\r\n\r\n<p><strong>Tuyệt đối kh&ocirc;ng dồn bất kỳ ai v&agrave;o ch&acirc;n tường, gi&uacute;p được cứ gi&uacute;p</strong></p>\r\n\r\n<p>Phụ nữ vốn dĩ rất &iacute;ch kỷ. Nếu chỉ bị phản bội một lần, họ c&oacute; thể suy x&eacute;t m&agrave; bỏ qua nhưng sẽ kh&ocirc;ng bao giờ c&oacute; những lần sau đ&oacute;. Bạn cũng n&ecirc;n cho bản th&acirc;n l&agrave;m thi&ecirc;n thần khi cần thiết, sẵn s&agrave;ng dang rộng c&aacute;nh tay gi&uacute;p đỡ một ai đ&oacute; khi họ gặp kh&oacute; khăn.</p>\r\n\r\n<p>C&ograve;n nếu kh&ocirc;ng muốn gi&uacute;p th&igrave; cũng đừng bao giờ dồn &eacute;p người đ&oacute; v&agrave;o ch&acirc;n tường. L&agrave;m những điều đ&oacute; bạn sẽ tạo nghiệp, hậu quả sau n&agrave;y sẽ rất nặng nề. Với lại, việc ch&igrave; chiết, bức &eacute;p người kh&aacute;c cũng kh&ocirc;ng l&agrave;m bạn tốt hơn m&agrave; c&ograve;n l&agrave;m cho cuộc sống trở n&ecirc;n nặng nhọc v&agrave; kh&oacute; thở. Phụ nữ n&ecirc;n bu&ocirc;ng bỏ những g&igrave; kh&ocirc;ng xứng đ&aacute;ng để t&acirc;m kh&ocirc;ng phiền.</p>\r\n\r\n<p><strong>Nhất định phải bỏ hết những việc trong qu&aacute; khứ</strong></p>\r\n\r\n<p>&Ocirc;m khư khư những nỗi đau trong qu&aacute; khứ sẽ kh&ocirc;ng l&agrave;m cho bạn tốt hơn. N&oacute; chỉ l&agrave;m chậm lại những nhịp sống của bạn. Người muốn th&agrave;nh c&ocirc;ng phải biết bu&ocirc;ng bỏ qu&aacute; khứ, chỉ sống cho hiện tại v&agrave; hướng đến tương lai.</p>\r\n\r\n<p>Thay v&igrave; ngủ v&ugrave;i trong những k&yacute; ức vỡ vụn, bạn h&atilde;y tự cho bản th&acirc;n một tia hy vọng để tự m&igrave;nh vực dậy, sống thật tốt những chuỗi ng&agrave;y c&ograve;n lại. Bạn c&oacute; biết điều đ&aacute;ng sợ nhất trong mỗi con người l&agrave; g&igrave; kh&ocirc;ng? Đ&oacute; l&agrave; kh&ocirc;ng bu&ocirc;ng bỏ được những nỗi đau cũ do những người cũ để lại. Chỉ c&oacute; khi tho&aacute;t khỏi n&oacute;, bạn mới thật sự chiến thắng ch&iacute;nh m&igrave;nh.</p>\r\n\r\n<p><strong>H&atilde;y nghĩ c&aacute;ch kiếm tiền như thế n&agrave;o thay v&igrave; cứ m&atilde;i tiết kiệm</strong></p>\r\n\r\n<p>V&agrave;o một ng&agrave;y nắng đẹp n&agrave;o đ&oacute;, bạn h&atilde;y cho ph&eacute;p bản th&acirc;n ti&ecirc;u x&agrave;i phung ph&iacute;, mua chiếc đầm đắt nhất cửa h&agrave;ng hay mua đ&ocirc;i gi&agrave;y h&agrave;ng hiệu. V&igrave; tiền l&agrave;m ra để x&agrave;i m&agrave;, đ&uacute;ng kh&ocirc;ng? Cuộc đời ngắn ngủi, thanh xu&acirc;n phụ nữ c&ograve;n ngắn hơn, c&oacute; khi chỉ một c&aacute;i xoay lưng l&agrave; cả một đời người.</p>\r\n\r\n<p>Khi đ&oacute; c&oacute; mọi thứ trong tay, bạn sẽ cảm thấy hối tiếc khi kh&ocirc;ng mua cho bản th&acirc;n hay người th&acirc;n một m&oacute;n qu&agrave; n&agrave;o đ&agrave;ng ho&agrave;ng. Thay v&igrave; học c&aacute;ch tiết kiệm, h&atilde;y t&igrave;m cho m&igrave;nh thật nhiều c&aacute;ch để kiếm tiền nh&eacute;.</p>\r\n\r\n<p><strong>Ngưng ph&agrave;n n&agrave;n m&agrave; h&atilde;y thay đổi c&ocirc;ng việc nếu muốn</strong></p>\r\n\r\n<p>C&oacute; những điều n&ecirc;n l&agrave;m một lần trong cuộc đời đ&oacute; l&agrave; đi đến nơi m&igrave;nh th&iacute;ch, ăn m&oacute;n m&igrave;nh y&ecirc;u, v&agrave; thay đổi một c&ocirc;ng việc nh&agrave;m ch&aacute;n. Chỉ c&oacute; khi đ&oacute; bạn mới thật sự biết bản th&acirc;n biết g&igrave; v&agrave; trưởng th&agrave;nh được bao nhi&ecirc;u. Thay v&igrave; cứ l&agrave;m m&atilde;i một c&ocirc;ng việc kh&ocirc;ng c&oacute; g&igrave; th&uacute; vị th&igrave; h&atilde;y tự m&igrave;nh tho&aacute;t khỏi n&oacute;.</p>\r\n', 7, 0, 1, 1),
(31, 'Tông màu xanh dương thống lĩnh màu mốt Thu Đông 2017 ', 'tong-mau-xanh-duong-thong-linh-mot-thu-dong-2017', 'Lĩnh hội tư tưởng của nhà sáng lập, Giám đốc Sáng tạo Maria Grazia Chiuri của Dior đã để sắc xanh dương tràn ngập bộ sưu tập Thu Đông 2017, xuyên suốt từ trang phục đến phụ kiện. ', 'img/upload/tong-mau-xanh-duong-thong-linh-mot-thu-dong-2017.jpg', '2017-10-13 10:38:13', 1, '<p>L&agrave; t&ocirc;ng m&agrave;u của bầu trời trong khoảnh khắc ngắn ngủi khi chuyển về đ&ecirc;m, nh&agrave; thiết kế Nad&egrave;ge Vanhee-Cybulski, Gi&aacute;m đốc S&aacute;ng tạo của Herm&egrave;s đ&atilde; kết hợp xanh dương với những t&ocirc;ng m&agrave;u tươi s&aacute;ng để tạo điểm nhấn cho tổng thể trang phục.</p>\r\n\r\n<p>Sự kết hợp giữa c&aacute;c chất liệu với kết cấu kh&aacute;c biệt cũng tạo n&ecirc;n sức h&uacute;t cho bộ trang phục n&agrave;y.</p>\r\n\r\n<p>Vẫn sử dụng chất liệu vải tweed đặc trưng, nh&agrave; thiết kế Karl Lagerfeld của Chanel thể hiện t&ocirc;ng m&agrave;u xanh dương tươi tắn phối c&ugrave;ng những sợi chất liệu lấp l&aacute;nh mang cảm hứng futuristic đặc sắc.</p>\r\n\r\n<p>Trong khi đ&oacute;, nh&agrave; thiết kế Nicolas Ghesqui&egrave;re lại mang đến cho bộ sưu tập Thu Đ&ocirc;ng 2017 của Louis Vuitton một thiết kế khỏe khoắn, đại diện cho h&igrave;nh ảnh người phụ nữ Paris hiện đại.</p>\r\n\r\n<p><strong><em>1. Saint Laurent</em></strong>: &Aacute;o kho&aacute;c da phối tr&ecirc;n nhiều chất liệu. Đặc biệt, c&aacute;c t&ocirc;ng m&agrave;u được xử l&yacute; v&ocirc; c&ugrave;ng tinh tế.</p>\r\n\r\n<p><strong><em>2. Herm&egrave;s</em></strong>: Chăn Avalon Super Dyed bằng cashmere mềm mại được xử l&yacute; m&agrave;u đặc biệt tạo n&ecirc;n sắc m&agrave;u xanh thẫm.</p>\r\n\r\n<p><strong><em>3. Louis Vuitton</em></strong>: Phi&ecirc;n bản mới của vali The New Rolling Luggage được thiết kế bởi Marc Newson tr&ecirc;n chất liệu da epi m&agrave;u xanh biển.</p>\r\n\r\n<p><strong><em>4. Gucci</em></strong>: Nhẫn kim loại với mặt nhẫn mang m&ocirc; t&iacute;p mặt nạ nổi bật.</p>\r\n\r\n<p><strong><em>5. Dior</em></strong>: Bộ khuy&ecirc;n tai đặc sắc với logo CD c&ugrave;ng slogan &ldquo;J&rsquo;Adior&rdquo; v&agrave; biểu tượng h&igrave;nh con ong t&ocirc; điểm bởi những vi&ecirc;n đ&aacute; m&agrave;u xanh dương lấp l&aacute;nh.</p>\r\n\r\n<p><strong><em>6. Dior</em></strong>: Mắt k&iacute;nh Diorstellaire1 nổi bật với mắt vu&ocirc;ng v&agrave; gọng mạ v&agrave;ng.</p>\r\n\r\n<p><strong><em>7. Ecco:</em></strong> Thiết kế gi&agrave;y thể thao năng động với chất liệu da mềm mại c&ugrave;ng phần đế mang đến cảm gi&aacute;c thoải m&aacute;i suốt ng&agrave;y d&agrave;i.</p>\r\n\r\n<p><strong><em>8. Salvatore Ferragamo:</em></strong> Mẫu t&uacute;i x&aacute;ch Sofia đ&igrave;nh đ&aacute;m tr&ecirc;n t&ocirc;ng m&agrave;u xanh dương l&agrave; lựa chọn ho&agrave;n hảo cho c&aacute;c qu&yacute; c&ocirc; th&agrave;nh thị.</p>\r\n', 7, 2, 1, 1),
(32, 'MacBook Pro 13-inch 2017 - Silver - 128GB', 'macbook-pro-13-inch-2017-silver-128gb', 'Nhanh hơn và mạnh hơn nữa là tiêu chí hàng đầu khi phát triển một thế hệ Macbook mới. Thế nhưng giờ đây Macbook Pro còn khiến bạn kinh ngạc khi đã mỏng và nhẹ hơn bao giờ hết. ', 'img/upload/macbook-pro-13-inch-2017-silver-128gb.jpg', '2017-10-15 05:23:41', 4, '<p><strong>Touch Bar v&agrave; Touch ID - Cuộc c&aacute;ch mạng tương t&aacute;c</strong></p>\r\n\r\n<p>Sự xuất hiện của Touch Bar giờ đ&acirc;y đ&atilde; thay thế dải ph&iacute;m điều khiển truyền thống. Với khả năng hiển thị c&aacute;c n&uacute;t điều khiển hoặc n&uacute;t chức năng ngữ cảnh t&ugrave;y v&agrave;o ứng dụng m&agrave; bạn đang sử dụng tr&ecirc;n m&agrave;n h&igrave;nh ch&iacute;nh. V&iacute; dụ, ch&uacute;ng ta c&oacute; thể sử dụng để trực tiếp chỉnh sửa ảnh trong ứng dụng hoặc tua nhanh chậm khi đang xem, chỉnh video. Đồng thời dải m&agrave;n h&igrave;nh n&agrave;y c&ograve;n hiển thị c&aacute;c từ gợi &yacute; khi người d&ugrave;ng đang g&otilde; văn bản tương tự như c&aacute;ch hiển thị từ ngữ tr&ecirc;n b&agrave;n ph&iacute;m iOS.</p>\r\n\r\n<p>Những ứng dụng, phần mềm mặc định hỗ trợ Touch Bar: Photos, Final Cut Pro, Mail, Safari, Keynote,...</p>\r\n\r\n<p>Mở kho&aacute; Macbook Pro của bạn nhanh ch&oacute;ng bằng v&acirc;n tay khi giờ đ&acirc;y Touch ID thế hệ 2 đ&atilde; hiện hữu tr&ecirc;n mặt b&agrave;n ph&iacute;m của m&aacute;y. Đồng thời cảm biến v&acirc;n tay c&ograve;n c&oacute; thể d&ugrave;ng như chức năng đăng nhập, tăng cường độ bảo mật khi thanh to&aacute;n online.</p>\r\n\r\n<p><img src=\"img/upload/macbook-pro-13-inch-2017-silver-128gb.jpg\" /></p>\r\n\r\n<p><strong>Hiệu năng vượt tầm</strong></p>\r\n\r\n<p>Macbook Pro thế hệ mới một lần nữa lại đạt kỉ lục về khả năng xử l&yacute; với chip Intel Core tăng hiệu năng xử l&yacute; đồ họa l&ecirc;n đến 130%, xung nhịp Boost đạt 3.8GHz ở model 15-inch. Khả năng render c&aacute;c tệp đồ họa th&ocirc;ng qua phần mềm Final Cut Pro X cũng nhanh đ&aacute;ng kể khi r&uacute;t ngắn 57% thời gian l&agrave;m việc.</p>\r\n\r\n<p>Lưu trữ flash cũng nhanh hơn tr&ecirc;n thế hệ SSD mới, đạt tốc độ 3.1GB/s, lần đầu ti&ecirc;n hỗ trợ SSD dung lượng 2TB tr&ecirc;n model 15-inch gi&uacute;p người d&ugrave;ng mở rộng khả năng lưu trữ tối đa.</p>\r\n\r\n<p>Thời lượng pin vẫn đạt khoảng 10 giờ sử dụng ngay cả khi c&oacute; đến h&agrave;ng tấn n&acirc;ng cấp từ phần cứng đến phần mềm được cải tiến tr&ecirc;n Macbook Pro mới.</p>\r\n\r\n<p><img alt=\"macbook-pro-13-inch-2017-silver-128gb-2\" src=\"img/upload/images/laptop/macbook-pro-13-inch-2017-silver-128gb-2.jpg\" /></p>\r\n\r\n<p><strong>M&agrave;n h&igrave;nh s&aacute;ng hơn. Hiển thị nhiều m&agrave;u hơn.</strong></p>\r\n\r\n<p>M&agrave;n h&igrave;nh hiển thị mới tr&ecirc;n Macbook Pro thế hệ mới đạt đến độ &quot;vi diệu&quot;. Đằng sau n&oacute; l&agrave; một sự kết hợp đến ho&agrave;n hảo giữa lớp LED nền v&agrave; tỉ lệ tương phản được tối đa h&oacute;a cho chất lượng h&igrave;nh ảnh thực sự sống động v&agrave; trung thực. V&agrave; đ&acirc;y ch&iacute;nh l&agrave; m&agrave;n h&igrave;nh d&agrave;nh ri&ecirc;ng cho giới đồ họa với những chuẩn mực cần thiết cho việc ph&acirc;n loại m&agrave;u cũng như chỉnh sửa ch&iacute;nh x&aacute;c.</p>\r\n\r\n<p><img alt=\"macbook-pro-13-inch-2017-silver-128gb-3\" src=\"img/upload/images/laptop/macbook-pro-13-inch-2017-silver-128gb-3.jpg\" /></p>\r\n\r\n<p><strong>Hệ thống loa k&eacute;p &acirc;m lớn hơn, phạm vi xa hơn</strong></p>\r\n\r\n<p>Hệ thống loa tr&ecirc;n Macbook Pro mới cũng được thiết kế lại cho phạm vi lớn gấp đ&ocirc;i v&agrave; &acirc;m lượng tăng 58%, &acirc;m bass cũng &quot;mạnh mẽ&quot; hơn gấp 2.5 lần. R&otilde; r&agrave;ng l&agrave; khi &acirc;m thanh được chơi bởi Macbook Pro mới, bạn sẽ cảm nhận được n&oacute; lớn v&agrave; vang hơn bất cứ một chiếc laptop n&agrave;o kh&aacute;c.</p>\r\n\r\n<p><img alt=\"macbook-pro-13-inch-2017-silver-128gb-4\" src=\"img/upload/images/laptop/macbook-pro-13-inch-2017-silver-128gb-4.jpg\" /></p>\r\n\r\n<p><strong>B&agrave;n ph&iacute;m v&agrave; trackpad tạo cảm hứng hơn bao giờ hết</strong></p>\r\n\r\n<p>B&agrave;n ph&iacute;m cũng như trackpad tr&ecirc;n Macbook Pro sẽ l&agrave; thứ ch&uacute;ng ta trải nghiệm nhiều nhất v&agrave; l&agrave; c&aacute;ch cảm nhận ch&iacute;nh về một chiếc laptop c&oacute; ph&ugrave; hợp với m&igrave;nh hay kh&ocirc;ng. V&agrave; đ&oacute; cũng l&agrave; l&yacute; do v&igrave; sao b&agrave;n ph&iacute;m v&agrave; trackpad lu&ocirc;n được ch&uacute; trọng ph&aacute;t triển. Trackpad mới giờ đ&acirc;y c&oacute; k&iacute;ch thước lớn gấp đ&ocirc;i thế hệ cũ, v&ugrave;ng tương t&aacute;c sẽ thoải m&aacute;i hơn c&ugrave;ng c&ocirc;ng nghệ Force Touch t&iacute;ch hợp b&ecirc;n dưới. B&agrave;n ph&iacute;m sử dụng cơ chế c&aacute;nh bướm như tr&ecirc;n thế hệ Macbook 12-inch nhưng được cải tiến l&ecirc;n thế hệ thứ hai gi&uacute;p tho&aacute;i m&aacute;i hơn trong c&aacute;c thao t&aacute;c nhấn cũng như độ phản hồi nhạy hơn.</p>\r\n\r\n<p><img alt=\"\" src=\"img/upload/images/laptop/macbook-pro-13-inch-2017-silver-128gb-5.jpg\" /></p>\r\n\r\n<p><strong>Thunderbolt 3 trở th&agrave;nh chuẩn kết nối đa năng nhất</strong></p>\r\n\r\n<p>Được trang bị đến 4 cổng Thunderbolt 3 v&agrave; bỏ tất cả c&aacute;c loại cổng kết nối kh&aacute;c tr&ecirc;n m&aacute;y, Macbook Pro mới tr&ocirc;ng tinh tế hơn rất nhiều cũng như ti&ecirc;n phong về việc khai th&aacute;c sức mạnh đa năng từ chuẩn USB-C mới. Giờ đ&acirc;y, bạn c&oacute; thể cắm sạc, truyền dữ liệu, kết nối với c&aacute;c thiết bị kh&aacute;c, phụ kiện kh&aacute;c đều ho&agrave;n to&agrave;n th&ocirc;ng qua Thunderbolt 3. Mặt kh&aacute;c, chuẩn kết nối n&agrave;y cũng đạt được tốc độ truyền tải dữ liệu kỉ lục với 40Gb được truyền đi mỗi gi&acirc;y.</p>\r\n\r\n<p><img alt=\"macbook-pro-13-inch-2017-silver-128gb-6\" src=\"img/upload/images/laptop/macbook-pro-13-inch-2017-silver-128gb-6.jpg\" /></p>\r\n\r\n<p><strong>Hệ điều h&agrave;nh MacOS</strong></p>\r\n\r\n<p>MacOS l&agrave; cốt l&otilde;i để tạo n&ecirc;n sự th&agrave;nh c&ocirc;ng cho Macbook Pro cũng như cả d&ograve;ng m&aacute;y Mac từ xưa đến nay. MacOS lu&ocirc;n thay đổi v&agrave; ph&aacute;t triển bởi đội ngũ lập tr&igrave;nh vi&ecirc;n tr&ecirc;n to&agrave;n thế giới. Thiết kế trực quan v&agrave; dễ sử dụng, hệ điều h&agrave;nh Mac c&ograve;n được cung cấp v&ocirc; số ứng dụng với nhiều t&iacute;nh năng độc đ&aacute;o sẵn s&agrave;ng đ&aacute;p ứng cho nhu cầu của bạn. MacOS được tối ưu để tăng tốc hiệu suất v&agrave; tiết kiệm pin. V&agrave; nhờ c&oacute; dịch vụ lưu trữ đ&aacute;m m&acirc;y iCloud, bạn c&oacute; thể li&ecirc;n kết iPhone, iPad, iPod touch với nhau thật hiệu quả.</p>\r\n\r\n<p><img alt=\"macbook-pro-13-inch-2017-silver-128gb-7\" src=\"img/upload/images/laptop/macbook-pro-13-inch-2017-silver-128gb-7.jpg\" /></p>\r\n', 2, 8, 1, 1),
(33, 'Google Pixel 2 vừa mới ra mắt', 'google-pixel-2-vua-moi-ra-mat', 'Google đã chính thức trình làng bộ đôi sản phẩm mới Pixel 2 và Pixel 2 XL với nhiều điểm cải tiến đột phá về thiết kế và camera.', 'img/upload/google-pixel-2.png', '2017-10-31 02:46:56', 4, '<h3><strong>Thiết kế đẹp mắt</strong></h3>\r\n\r\n<p>Về ngoại h&igrave;nh th&igrave; bộ đ&ocirc;i năm nay kh&ocirc;ng c&oacute; nhiều kh&aacute;c biệt so với Pixel v&agrave; Pixel XL ra mắt trước đ&oacute;. Điểm nhấn vẫn l&agrave; mặt lưng với 2 phần k&iacute;nh v&agrave; kim loại độc đ&aacute;o.</p>\r\n\r\n<p>Kh&aacute; đ&aacute;ng tiếc l&agrave; Pixel 2 vẫn c&oacute; ch&uacute;t truyền thống, n&oacute; kh&ocirc;ng phải d&ugrave;ng m&agrave;n h&igrave;nh 18:9 tr&agrave;n cạnh m&agrave; vẫn l&agrave; 16:9, viền cạnh tr&ecirc;n v&agrave; dưới vẫn rất d&agrave;y.</p>\r\n\r\n<p>Pixel 2 cũng được t&iacute;ch hợp t&iacute;nh năng &ldquo;b&oacute;p cạnh&rdquo; để khởi chạy Google Assistant, một chi tiết giống với HTC 11.</p>\r\n\r\n<p>Ngo&agrave;i ra một chi tiết quan trọng kh&aacute;c l&agrave; Google cũng đ&atilde; loại bỏ jack cắm tai nghe tr&ecirc;n bộ đ&ocirc;i n&agrave;y.</p>\r\n\r\n<p>Khả năng chống nước chắc chắn l&agrave; yếu tố kh&ocirc;ng thể thiếu tr&ecirc;n một chiếc&nbsp;smartphone&nbsp;cao cấp ở thời điểm hiện tại v&agrave; hai chiếc smartphone n&agrave;y cũng vậy với ti&ecirc;u chuẩn IP67.</p>\r\n\r\n<h3><strong>M&agrave;n h&igrave;nh sắc n&eacute;t</strong></h3>\r\n\r\n<p>M&aacute;y được trang bị một m&agrave;n h&igrave;nh c&oacute; k&iacute;ch thước 5 inch độ ph&acirc;n giải&nbsp;Full HD, tỷ lệ 16:9 truyền thống.</p>\r\n\r\n<p><em>M&agrave;n h&igrave;nh kh&aacute; ti&ecirc;u chuẩn, hiển thị đẹp</em></p>\r\n\r\n<p>Google Pixel 2 sử dụng m&agrave;n h&igrave;nh AMOLED v&agrave; cũng c&oacute; t&iacute;nh năng Alway On Display để lu&ocirc;n hiển thị th&ocirc;ng b&aacute;o v&agrave; thời gian khi m&agrave;n h&igrave;nh tắt.</p>\r\n\r\n<h3><strong>Camera đầu bảng</strong></h3>\r\n\r\n<p>Trong buổi giới thiệu th&igrave; Google cũng đặc biệt nhấn mạnh về khả năng chụp ảnh của&nbsp;Google Pixel 2 với số điểm cao nhất từ trước đến nay tới từ trang DxOMark.</p>\r\n\r\n<p><em>Camera ch&iacute;nh của m&aacute;y hơi lồi nhẹ</em></p>\r\n\r\n<p>Mặc d&ugrave; kh&ocirc;ng sở hữu camera k&eacute;p nhưng Pixel 2 với camera ch&iacute;nh 12 MP sở hữu c&ocirc;ng nghệ tr&iacute; tuệ nh&acirc;n tạo AI.</p>\r\n\r\n<p><em>M&aacute;y cho khả năng lấy n&eacute;t rất nhanh, ảnh chụp chi tiết cao</em></p>\r\n\r\n<p>B&ecirc;n cạnh đ&oacute;, camera của m&aacute;y được t&iacute;ch hợp nhiều chế độ v&agrave; t&iacute;nh năng hấp dẫn như AR hay chụp ảnh ch&acirc;n dung.</p>\r\n\r\n<p><em>Tr&iacute; tuệ nh&acirc;n tạo AI đem lại sự kh&aacute;c biệt</em></p>\r\n\r\n<p>Camera selfie của m&aacute;y c&oacute; độ ph&acirc;n giải 8 MP v&agrave; cũng hỗ trợ chụp ảnh tự sướng x&oacute;a ph&ocirc;ng.</p>\r\n\r\n<p><em>D&ugrave; chỉ c&oacute; một camera nhưng Pixel vẫn cho khả năng x&oacute;a ph&ocirc;ng ấn tượng</em></p>\r\n\r\n<h3><strong>Hiệu năng h&agrave;ng đầu</strong></h3>\r\n\r\n<p>Về cấu h&igrave;nh, Pixel 2 được t&iacute;ch hợp vi xử l&yacute;&nbsp;Qualcomm Snapdragon 835, 4 GB RAM v&agrave; 64 GB bộ nhớ trong hứa hẹn cung cấp hiệu năng cực kỳ mạnh mẽ.</p>\r\n\r\n<p><em>Hiệu năng đ&aacute;p ứng tốt mọi nhu cầu</em></p>\r\n\r\n<p>M&aacute;y được c&agrave;i sẵn&nbsp;Android Oreo 8.0 v&agrave; chạy giao diện thuần Android n&ecirc;n đem lại cho bạn một sự mượt m&agrave; ấn tượng m&agrave; kh&ocirc;ng một chiếc smartphone Android n&agrave;o c&oacute; thể mang lại.</p>\r\n\r\n<p><em>Chắc chắn sẽ nhận được c&aacute;c bản cập nhật l&acirc;u d&agrave;i từ Google</em></p>\r\n\r\n<p>Nh&igrave;n chung&nbsp;Google Pixel 2 l&agrave; một chiếc m&aacute;y tốt về mọi mặt v&agrave; l&agrave; chiếc flagship Android rất đ&aacute;ng sở hữu trong năm 2017.</p>\r\n', 1, 0, 1, 0),
(34, 'iPhone X Plus sẽ được ra mắt trong năm 2018', 'iphone-x-plus-se-duoc-ra-mat-trong-nam-2018', 'Trong khi iPhone X vẫn chưa tới tay khách hàng, đã có những bằng chứng cho thấy Apple sẽ ra mắt phiên bản iPhone X Plus có màn hình 6,5 inch vào năm sau.', 'img/upload/iphone-x-plus-se-duoc-ra-mat-trong-nam-2018.jpg', '2017-10-31 05:08:28', 4, '<p>Trang&nbsp;<em>The Korea Herald</em>&nbsp;đ&atilde; c&ocirc;ng bố một b&aacute;o c&aacute;o v&agrave;o cuối th&aacute;ng 8 năm nay cho thấy việc Apple c&oacute; kế hoạch ra mắt hai sản phẩm m&agrave;n h&igrave;nh OLED với k&iacute;ch thước 5,85 v&agrave; 6,46 inch.&nbsp;</p>\r\n\r\n<p>Một trong số đ&oacute; ch&iacute;nh l&agrave; model iPhone X vừa được ra mắt th&aacute;ng 9 vừa qua. V&igrave; vậy, model c&ograve;n lại được dự đo&aacute;n sẽ l&agrave; phi&ecirc;n bản iPhone X Plus ra mắt v&agrave;o năm tới, 2018.</p>\r\n\r\n<p>Cũng theo b&aacute;o c&aacute;o n&agrave;y, đội ngũ ph&aacute;t triển sản phẩm của Apple đ&atilde; l&agrave;m việc với Samsung Display (h&atilde;ng cung cấp m&agrave;n h&igrave;nh OLED) sớm hơn thường lệ</p>\r\n\r\n<p>Apple c&oacute; kế hoạch cho ra mắt hai phi&ecirc;n bản gồm m&agrave;n h&igrave;nh nhỏ 5,85 v&agrave; phi&ecirc;n bản lớn 6,46 inch. Tuy nhi&ecirc;n, theo b&aacute;o c&aacute;o n&agrave;y, h&atilde;ng c&ocirc;ng nghệ tại Cupertino c&oacute; thể sẽ chọn phi&ecirc;n bản m&agrave;n h&igrave;nh lớn hơn do nhu cầu về một chiếc phablet ng&agrave;y c&agrave;ng tăng.</p>\r\n\r\n<p>Hồi th&aacute;ng 5 năm nay,&nbsp;<em>The Korea Herald</em>&nbsp;c&ocirc;ng bố Samsung dự kiến cung cấp 180 triệu tấm nền OLED cho phi&ecirc;n bản iPhone của năm 2018.&nbsp;</p>\r\n\r\n<p>Samsung v&agrave; Apple &quot;gần đ&acirc;y đ&atilde; k&yacute; thỏa thuận kh&ocirc;ng tiết lộ về c&aacute;c điều kiện chung, bao gồm cả k&iacute;ch cỡ m&agrave;n h&igrave;nh&quot;. Mặc d&ugrave; vậy, n&oacute; vẫn kh&ocirc;ng ngăn được những th&ocirc;ng tin r&ograve; rỉ v&agrave; tin đồn.</p>\r\n', 1, 2, 1, 1),
(37, 'Google Pixel 2', 'google-pixel-2', 'Các Pixels, khi họ ra mắt vào tháng 10 năm 2016, không phải là slouches. Với các thông số kỹ thuật vẫn giữ được ngày hôm nay, bao gồm một số máy ảnh tốt nhất trên thị trường, điều thú vị là Google đã đến với bộ phim Pixel 2 - đặc biệt là Pixel 2 XL lớn hơn.', 'img/upload/google-pixel-2.jpg', '2017-10-31 02:46:38', 4, '<p>Một điều kỳ diệu xảy ra trong năm nay: Google đ&atilde; kh&ocirc;ng th&ecirc;m m&aacute;y ảnh thứ hai v&agrave;o Pixel 2 hoặc Pixel 2 XL. Động th&aacute;i n&agrave;y n&oacute;i l&ecirc;n điều g&igrave; đ&oacute; trong một ng&agrave;nh m&agrave; hầu hết c&aacute;c nh&agrave; sản xuất lớn kh&aacute;c, từ Samsung đến Apple cho Huawei, đ&atilde; thực hiện c&aacute;c bước để ph&acirc;n biệt m&igrave;nh với một bộ cảm biến camera bổ sung v&agrave; kết quả l&agrave; rất nhiều chức năng bổ sung.</p>\r\n\r\n<h3>N&oacute; cũng c&oacute; camera được đ&aacute;nh gi&aacute; cao nhất hiện nay</h3>\r\n\r\n<p>Đ&uacute;ng vậy - Dxomark, một c&ocirc;ng ty c&oacute; tiếng tăm g&acirc;y tranh c&atilde;i nhưng lại rất th&acirc;n thiết trong việc thử nghiệm camera điện thoại th&ocirc;ng minh - đ&atilde; cho ra chiếc m&aacute;y ảnh của Pixel 2 với tốc độ 98 tr&ecirc;n 100. Đ&oacute; l&agrave; sau khi cả iPhone 8 Plus v&agrave; Galaxy Note 8 nhận được 94 điểm những ng&agrave;y gần đ&acirc;y.</p>\r\n\r\n<p>Điều g&igrave; xảy ra khi ch&uacute;ng ta đạt 100? T&ocirc;i đo&aacute;n sự ho&agrave;n hảo sẽ đạt được v&agrave; tất cả ch&uacute;ng ta c&oacute; thể về nh&agrave; v&agrave; ngừng lo lắng.</p>\r\n\r\n<h3>Pixel 2 c&oacute; khả năng chịu nước</h3>\r\n\r\n<p>Đ&acirc;y l&agrave; Pixel đầu ti&ecirc;n c&oacute; khả năng chịu nước, với mức IP67, v&igrave; vậy bạn c&oacute; thể nhấc điện thoại l&ecirc;n đến một m&eacute;t nước trong 30 ph&uacute;t c&ugrave;ng một l&uacute;c m&agrave; kh&ocirc;ng phải lo lắng.</p>\r\n\r\n<h3>N&oacute; cũng kh&ocirc;ng c&oacute; jack cắm tai nghe</h3>\r\n\r\n<p><img alt=\"google-pixel-loai-bo-jack3-5\" src=\"img/upload/images/dienthoai/google-pixel-2-bo-jack3-5.jpg\" style=\"width:500px\" /></p>\r\n\r\n<p>V&acirc;ng, đ&acirc;y l&agrave; những chiếc điện thoại đầu ti&ecirc;n của Google kh&ocirc;ng được mang theo một khe cắm tai nghe, nhưng c&ocirc;ng ty n&agrave;y bao gồm một bộ chuyển đổi USB-C đến 3.5mm trong hộp (v&agrave; đang b&aacute;n một dongle 20 đ&ocirc; la nếu bạn muốn th&ecirc;m) nếu bạn muốn. đ&ocirc;i với tai nghe c&oacute; d&acirc;y truyền thống.</p>\r\n\r\n<p>Nếu bạn muốn đi kh&ocirc;ng d&acirc;y, c&aacute;c Pixel 2 hỗ trợ Bluetooth 5.0, v&agrave; Google sẽ b&aacute;n cặp ri&ecirc;ng của tai nghe kh&ocirc;ng d&acirc;y , v&agrave; đang hợp t&aacute;c với c&aacute;c c&ocirc;ng ty như Libratone v&agrave; những người kh&aacute;c ra thị trường tai nghe Google chứng nhận.</p>\r\n\r\n<h3>N&oacute; c&oacute; một eSIM nh&uacute;ng</h3>\r\n\r\n<p>Pixel 2 c&oacute; điều tuyệt vời n&agrave;y được gọi l&agrave; eSIM, hoặc thẻ SIM điện tử, cho ph&eacute;p bạn kết nối với mạng - trong trường hợp n&agrave;y l&agrave; Project Fi - kh&ocirc;ng c&oacute; thẻ nhớ vật l&yacute;.</p>\r\n\r\n<p>Tất nhi&ecirc;n, Pixel vẫn hỗ trợ m&agrave; mảnh vật chất của nhựa v&agrave; bit, nhưng bạn kh&ocirc;ng cần n&oacute; để kết nối với Project Fi, v&agrave; đ&oacute; l&agrave; chi tiết nhỏ b&aacute;o hiệu tương lai của kết nối di động - bất cứ khi n&agrave;o c&aacute;c t&agrave;u s&acirc;n bay quyết định để bắt kịp. Trong thời gian chờ đợi, nếu bạn ở Hoa Kỳ, bạn c&oacute; thể mua Pixel 2 v&agrave; k&iacute;ch hoạt Project Fi bất cứ khi n&agrave;o bạn muốn, ngay cả khi bạn kh&ocirc;ng đặt h&agrave;ng trực tiếp từ ch&uacute;ng.</p>\r\n\r\n<h3>Bạn n&ecirc;n sử dụng Pixel 2 hoặc Pixel 2 XL tr&ecirc;n Project Fi?</h3>\r\n\r\n<p><img alt=\"google-pixel-2-hardware-hands-on-5\" src=\"img/upload/images/dienthoai/google-pixel-2-hardware-hands-on-5.jpg\" style=\"width:500px\" /></p>\r\n\r\n<p>V&igrave; vậy, n&oacute; c&oacute; một thẻ nh&uacute;ng eSIM trong điện thoại, v&agrave; bạn kh&ocirc;ng cần phải mua n&oacute; từ Project Fi để sử dụng n&oacute; tr&ecirc;n dịch vụ. Nhưng bạn n&ecirc;n sử dụng n&oacute; với MVNO của Google, chu kỳ giữa T-Mobile, Sprint v&agrave; US Cellular ở Mỹ?</p>\r\n\r\n<h3>Pixel 2 sẽ nhận được Android R</h3>\r\n\r\n<p>Đ&oacute; l&agrave; sự thật - Google đang cho Pixel 2 v&agrave; Pixel 2 XL ba năm cập nhật phần mềm được đảm bảo, c&oacute; nghĩa l&agrave; khi n&oacute; ra mắt với Android Oreo, n&oacute; sẽ nhận được Android P v&agrave;o năm 2018, Android Q v&agrave;o năm 2019 v&agrave;, một c&aacute;ch kỳ diệu, Android R v&agrave;o năm 2020 .</p>\r\n\r\n<h3>Tr&igrave;nh khởi chạy c&oacute; một số cải tiến tốt đẹp</h3>\r\n\r\n<p>Trong khi Pixel 2 v&agrave; Pixel 2 XL đi k&egrave;m với Android 8.0 - c&ugrave;ng một phi&ecirc;n bản hiện c&oacute; tr&ecirc;n Pixel v&agrave; Nexus 5X / 6P - c&oacute; một số thay đổi tốt đẹp cho tr&igrave;nh khởi chạy, bao gồm c&ocirc;ng cụ &quot;Nhanh gọn&quot; mới v&agrave; vị tr&iacute; mới cho thanh t&igrave;m kiếm phổ biến của Google.</p>\r\n\r\n<p>&nbsp;</p>\r\n', 1, 92, 1, 1),
(38, 'BlackBerry Motion chống bụi chống nước và pin 4000mAh', 'blackberry-motion-chong-bui-chong-nuoc-va-pin-4000mah', 'BlackBerry Motion được tạo ra cho người dùng doanh nghiệp với viên pin lớn so với một máy 5.5\": 4000mAh, ngoài ra nó cũng là chiếc máy đầu tiên của BlackBerry với khả năng chống bụi chống nước.', 'img/upload/blackberry-motion-chong-bui-chong-nuoc-va-pin-4000mah.jpg', '2017-10-31 02:47:06', 1, '<p>BlackBerry Motion đ&atilde; ra mắt được v&agrave;i ng&agrave;y nhưng b&acirc;y giờ th&igrave; BlackBerry mới cho ra mắt video ch&iacute;nh thức về sản phẩm n&agrave;y, cho ch&uacute;ng ta thấy rất nhiều đặc điểm trong thiết kế của n&oacute;. BlackBerry Motion được tạo ra cho người d&ugrave;ng doanh nghiệp với vi&ecirc;n pin lớn so với một m&aacute;y 5.5&quot;: 4000mAh, ngo&agrave;i ra n&oacute; cũng l&agrave; chiếc m&aacute;y đầu ti&ecirc;n của BlackBerry với khả năng chống bụi chống nước.</p>\r\n\r\n<p>Hiện tại Motion đ&atilde; cho ph&eacute;p đặt h&agrave;ng trước ở Trung Đ&ocirc;ng. N&oacute; c&oacute; m&agrave;n h&igrave;nh 5.5&quot; FullHD, c&oacute; cảm biến v&acirc;n tay, c&oacute; chế độ Locker Mode, chạy SnapDragon 625 v&agrave; 4GB RAM.</p>\r\n\r\n<p><img src=\"img/upload/blackberry-motion-chong-bui-chong-nuoc-va-pin-4000mah.jpg\" /></p>\r\n\r\n<h3>Cấu h&igrave;nh cơ bản của BlackBerry Motion</h3>\r\n\r\n<ul>\r\n	<li>M&agrave;n h&igrave;nh 5,5-inch, Full HD, chống trầy xước</li>\r\n	<li>CPU: Snapdragon 625 4GB</li>\r\n	<li>RAM Pin dung lượng 4.000mAh, Quick Charge 3.0, USB-C</li>\r\n	<li>Chống nước bụi chuẩn IP67</li>\r\n	<li>Dual SIM</li>\r\n	<li>Chức năng nổi bật: Locker Mode, DTEK, BlackBerry Hub, BlackBerry Calendar, BlackBerry Boost, cảm biến v&acirc;n tay, ph&iacute;m chức năng tuỳ biến</li>\r\n	<li>Hệ điều h&agrave;nh; Android 7.1, sẽ được l&ecirc;n Android 8.0 trong năm 2018</li>\r\n	<li>Gi&aacute;: $460</li>\r\n</ul>\r\n', 1, 5, 1, 1);

-- --------------------------------------------------------

--
-- Table structure for table `users`
--

CREATE TABLE `users` (
  `idUser` int(11) NOT NULL,
  `HoTen` varchar(100) NOT NULL DEFAULT '',
  `Username` varchar(50) NOT NULL DEFAULT '',
  `Password` varchar(50) NOT NULL,
  `DiaChi` varchar(255) DEFAULT NULL,
  `Dienthoai` varchar(255) DEFAULT NULL,
  `Email` varchar(255) NOT NULL DEFAULT '',
  `NgayDangKy` date NOT NULL DEFAULT '0000-00-00',
  `idGroup` int(11) NOT NULL DEFAULT '0',
  `NgaySinh` date DEFAULT NULL,
  `GioiTinh` tinyint(1) DEFAULT NULL,
  `urlHinh` varchar(255) DEFAULT NULL,
  `active` tinyint(1) NOT NULL
) ENGINE=MyISAM DEFAULT CHARSET=utf8;

--
-- Dumping data for table `users`
--

INSERT INTO `users` (`idUser`, `HoTen`, `Username`, `Password`, `DiaChi`, `Dienthoai`, `Email`, `NgayDangKy`, `idGroup`, `NgaySinh`, `GioiTinh`, `urlHinh`, `active`) VALUES
(1, 'Hồ Tấn Mỹ', 'clay', '53a6742d6b68604d966faa9cca0e28f2', 'Ehome 4 Vĩnh Phú Thuận An Bình Dương', '0964082598', 'hotanmy@localhost.vn', '2017-10-14', 1, '1997-03-29', 1, 'img/user_img/clay.jpg', 1),
(2, 'Trần công tạo', 'trancongtao', 'c4ca4238a0b923820dcc509a6f75849b', NULL, NULL, 'trancongtao@gmail.com', '2017-10-14', 1, '1993-03-18', 1, NULL, 1),
(3, 'Võ Hoàng Nguyên', 'vohoangnguyen', 'c4ca4238a0b923820dcc509a6f75849b', NULL, NULL, 'vohoangnguyen@gmail.com', '2017-10-14', 1, '1997-05-25', 1, NULL, 1),
(4, 'Nguyễn Văn A', 'vana', 'c4ca4238a0b923820dcc509a6f75849b', '475 Điện Biên Phủ', '0987654321', 'vana@gmail.vn', '2017-10-14', 0, '1997-09-10', 1, '', 1),
(5, 'Huỳnh Nữ', 'nu', '40f5888b67c748df7efba008e7c2f9d2', 'Nữ ở HCM', '0987654987', 'nu@gmail.com', '2017-10-14', 0, '1987-10-14', 0, '', 1),
(6, 'Nga Nguyễn', 'nga', 'c4ca4238a0b923820dcc509a6f75849b', 'Nga ở Sài Gòn', '0987654765', 'nga@gmail.com', '2017-10-14', 0, '1998-12-21', 0, '', 1);

--
-- Indexes for dumped tables
--

--
-- Indexes for table `bandocykien`
--
ALTER TABLE `bandocykien`
  ADD PRIMARY KEY (`idYKien`);

--
-- Indexes for table `binhchon`
--
ALTER TABLE `binhchon`
  ADD PRIMARY KEY (`idBC`);

--
-- Indexes for table `loaitin`
--
ALTER TABLE `loaitin`
  ADD PRIMARY KEY (`idLT`);

--
-- Indexes for table `phuongan`
--
ALTER TABLE `phuongan`
  ADD PRIMARY KEY (`idPA`);

--
-- Indexes for table `theloai`
--
ALTER TABLE `theloai`
  ADD PRIMARY KEY (`idTL`),
  ADD UNIQUE KEY `TenTL` (`TenTL`);

--
-- Indexes for table `tin`
--
ALTER TABLE `tin`
  ADD PRIMARY KEY (`idTin`);
ALTER TABLE `tin` ADD FULLTEXT KEY `TimKiemToanVan` (`TieuDe`,`TomTat`);

--
-- Indexes for table `users`
--
ALTER TABLE `users`
  ADD PRIMARY KEY (`idUser`),
  ADD UNIQUE KEY `Username` (`Username`),
  ADD UNIQUE KEY `Email` (`Email`);

--
-- AUTO_INCREMENT for dumped tables
--

--
-- AUTO_INCREMENT for table `bandocykien`
--
ALTER TABLE `bandocykien`
  MODIFY `idYKien` int(11) NOT NULL AUTO_INCREMENT, AUTO_INCREMENT=6;

--
-- AUTO_INCREMENT for table `binhchon`
--
ALTER TABLE `binhchon`
  MODIFY `idBC` int(11) NOT NULL AUTO_INCREMENT, AUTO_INCREMENT=3;

--
-- AUTO_INCREMENT for table `loaitin`
--
ALTER TABLE `loaitin`
  MODIFY `idLT` int(11) NOT NULL AUTO_INCREMENT, AUTO_INCREMENT=9;

--
-- AUTO_INCREMENT for table `phuongan`
--
ALTER TABLE `phuongan`
  MODIFY `idPA` int(11) NOT NULL AUTO_INCREMENT, AUTO_INCREMENT=4;

--
-- AUTO_INCREMENT for table `theloai`
--
ALTER TABLE `theloai`
  MODIFY `idTL` int(11) NOT NULL AUTO_INCREMENT, AUTO_INCREMENT=8;

--
-- AUTO_INCREMENT for table `tin`
--
ALTER TABLE `tin`
  MODIFY `idTin` int(11) NOT NULL AUTO_INCREMENT, AUTO_INCREMENT=41;

--
-- AUTO_INCREMENT for table `users`
--
ALTER TABLE `users`
  MODIFY `idUser` int(11) NOT NULL AUTO_INCREMENT, AUTO_INCREMENT=10;
COMMIT;

/*!40101 SET CHARACTER_SET_CLIENT=@OLD_CHARACTER_SET_CLIENT */;
/*!40101 SET CHARACTER_SET_RESULTS=@OLD_CHARACTER_SET_RESULTS */;
/*!40101 SET COLLATION_CONNECTION=@OLD_COLLATION_CONNECTION */;
